{
"type": "FeatureCollection",
"name": "industrial_clusters",
"crs": { "type": "name", "properties": { "name": "urn:ogc:def:crs:OGC:1.3:CRS84" } },
"features": [
{ "type": "Feature", "properties": { "id": "BEC5", "cluster_id": "Albert_Canal-Limburg", "country": "BE", "level": "IC1", "uuid": "b6031e0c-f5bb-4df3-9957-e31efa0d8053", "area_km2": 3786.8437317223156, "per_km2": 361.5053685492154 }, "geometry": { "type": "MultiPolygon", "coordinates": [ [ [ [ 5.905745, 50.742303 ], [ 5.910399, 50.735241 ], [ 5.882454, 50.710148 ], [ 5.874247, 50.713791 ], [ 5.868925, 50.714969 ], [ 5.865648, 50.716747 ], [ 5.858239, 50.717727 ], [ 5.853097, 50.716518 ], [ 5.842157, 50.716152 ], [ 5.8357, 50.71445 ], [ 5.820802, 50.713611 ], [ 5.819052, 50.714557 ], [ 5.814005, 50.715719 ], [ 5.810739, 50.72297 ], [ 5.801497, 50.73057 ], [ 5.801903, 50.73562 ], [ 5.794734, 50.738456 ], [ 5.787457, 50.744744 ], [ 5.77704, 50.7485 ], [ 5.771138, 50.750627 ], [ 5.748664, 50.745744 ], [ 5.745848, 50.747651 ], [ 5.745753, 50.752244 ], [ 5.73704, 50.755088 ], [ 5.727227, 50.751914 ], [ 5.721842, 50.74559 ], [ 5.704657, 50.750169 ], [ 5.689727, 50.75158 ], [ 5.682001, 50.757446 ], [ 5.697085, 50.755734 ], [ 5.719764, 50.762765 ], [ 5.72997, 50.75814 ], [ 5.737277, 50.757787 ], [ 5.74604, 50.769308 ], [ 5.763358, 50.780795 ], [ 5.770756, 50.782695 ], [ 5.77704, 50.780936 ], [ 5.784418, 50.768286 ], [ 5.793761, 50.769335 ], [ 5.808213, 50.756372 ], [ 5.830475, 50.758879 ], [ 5.844917, 50.765385 ], [ 5.849627, 50.755369 ], [ 5.863435, 50.763342 ], [ 5.886291, 50.769484 ], [ 5.892073, 50.755237 ], [ 5.891009, 50.751696 ], [ 5.894784, 50.747066 ], [ 5.905745, 50.742303 ] ] ], [ [ [ 5.73732, 50.978177 ], [ 5.720869, 50.961996 ], [ 5.722187, 50.957793 ], [ 5.727942, 50.955518 ], [ 5.734794, 50.95616 ], [ 5.745795, 50.960914 ], [ 5.754749, 50.957886 ], [ 5.757758, 50.951627 ], [ 5.747557, 50.947159 ], [ 5.745539, 50.943509 ], [ 5.740537, 50.935525 ], [ 5.728414, 50.925348 ], [ 5.723733, 50.910526 ], [ 5.71538, 50.908509 ], [ 5.707058, 50.911141 ], [ 5.699535, 50.909563 ], [ 5.694282, 50.896731 ], [ 5.68224, 50.887448 ], [ 5.678667, 50.881717 ], [ 5.667609, 50.880492 ], [ 5.646647, 50.872125 ], [ 5.639813, 50.847808 ], [ 5.645125, 50.837105 ], [ 5.64802, 50.834333 ], [ 5.650486, 50.831973 ], [ 5.650227, 50.827847 ], [ 5.655255, 50.82457 ], [ 5.655416, 50.819757 ], [ 5.677265, 50.816089 ], [ 5.680473, 50.812961 ], [ 5.687622, 50.811924 ], [ 5.687065, 50.8041 ], [ 5.672525, 50.807019 ], [ 5.667421, 50.804987 ], [ 5.654202, 50.805382 ], [ 5.64802, 50.796142 ], [ 5.645751, 50.792748 ], [ 5.627236, 50.782822 ], [ 5.615618, 50.783756 ], [ 5.607902, 50.779505 ], [ 5.608031, 50.777309 ], [ 5.586203, 50.771649 ], [ 5.575946, 50.771811 ], [ 5.568781, 50.76428 ], [ 5.552914, 50.763965 ], [ 5.547127, 50.75899 ], [ 5.523095, 50.758154 ], [ 5.519993, 50.747545 ], [ 5.524353, 50.742353 ], [ 5.517275, 50.740959 ], [ 5.478675, 50.723591 ], [ 5.47494, 50.726022 ], [ 5.474953, 50.733364 ], [ 5.464593, 50.738813 ], [ 5.460914, 50.735777 ], [ 5.462181, 50.730727 ], [ 5.45531, 50.727142 ], [ 5.453454, 50.721716 ], [ 5.435742, 50.722038 ], [ 5.431687, 50.719803 ], [ 5.427885, 50.72255 ], [ 5.419366, 50.71969 ], [ 5.416409, 50.722805 ], [ 5.403067, 50.728334 ], [ 5.401325, 50.734707 ], [ 5.39415, 50.734897 ], [ 5.392912, 50.738403 ], [ 5.393267, 50.739956 ], [ 5.392468, 50.743953 ], [ 5.389548, 50.747932 ], [ 5.376759, 50.742671 ], [ 5.368388, 50.746733 ], [ 5.350186, 50.745989 ], [ 5.333339, 50.735368 ], [ 5.313262, 50.728344 ], [ 5.308809, 50.723816 ], [ 5.30898, 50.718106 ], [ 5.303525, 50.716754 ], [ 5.296826, 50.723042 ], [ 5.277096, 50.728438 ], [ 5.261187, 50.716441 ], [ 5.244492, 50.716403 ], [ 5.239927, 50.718654 ], [ 5.236913, 50.727273 ], [ 5.234514, 50.724209 ], [ 5.233697, 50.720654 ], [ 5.232103, 50.719005 ], [ 5.229048, 50.717621 ], [ 5.223808, 50.72057 ], [ 5.216222, 50.720861 ], [ 5.205645, 50.720561 ], [ 5.193049, 50.71685 ], [ 5.178143, 50.721807 ], [ 5.171166, 50.721243 ], [ 5.168481, 50.715579 ], [ 5.17491, 50.713858 ], [ 5.180019, 50.704771 ], [ 5.164854, 50.695534 ], [ 5.15617, 50.697834 ], [ 5.148695, 50.69548 ], [ 5.124437, 50.706882 ], [ 5.103481, 50.709064 ], [ 5.113215, 50.72813 ], [ 5.120829, 50.734583 ], [ 5.101717, 50.742777 ], [ 5.104535, 50.751166 ], [ 5.116902, 50.764259 ], [ 5.106798, 50.779068 ], [ 5.116695, 50.791837 ], [ 5.132706, 50.792739 ], [ 5.151211, 50.809249 ], [ 5.149404, 50.811297 ], [ 5.140169, 50.809842 ], [ 5.130786, 50.816552 ], [ 5.137107, 50.824631 ], [ 5.135581, 50.834772 ], [ 5.143717, 50.844164 ], [ 5.138374, 50.848531 ], [ 5.147735, 50.853418 ], [ 5.148443, 50.858078 ], [ 5.150347, 50.857914 ], [ 5.149434, 50.860173 ], [ 5.154683, 50.866025 ], [ 5.155199, 50.878521 ], [ 5.168053, 50.873119 ], [ 5.172399, 50.873708 ], [ 5.178379, 50.878312 ], [ 5.178963, 50.885007 ], [ 5.185143, 50.889128 ], [ 5.186666, 50.893802 ], [ 5.187241, 50.904213 ], [ 5.180975, 50.909459 ], [ 5.170248, 50.913235 ], [ 5.157659, 50.911835 ], [ 5.137363, 50.913733 ], [ 5.132527, 50.921612 ], [ 5.103749, 50.915012 ], [ 5.092097, 50.909111 ], [ 5.077306, 50.920605 ], [ 5.066413, 50.916937 ], [ 5.053432, 50.921229 ], [ 5.046693, 50.93054 ], [ 5.045321, 50.932501 ], [ 5.042069, 50.942814 ], [ 5.052115, 50.945857 ], [ 5.058234, 50.9537 ], [ 5.066413, 50.956972 ], [ 5.075531, 50.959554 ], [ 5.083108, 50.967395 ], [ 5.084244, 50.970529 ], [ 5.079732, 50.981626 ], [ 5.082918, 50.985598 ], [ 5.112804, 50.997692 ], [ 5.124881, 50.997707 ], [ 5.118173, 51.019961 ], [ 5.125147, 51.022514 ], [ 5.126067, 51.01819 ], [ 5.132833, 51.016072 ], [ 5.159698, 51.024147 ], [ 5.154222, 51.026321 ], [ 5.147115, 51.03017 ], [ 5.14556, 51.031959 ], [ 5.140422, 51.035625 ], [ 5.126467, 51.043999 ], [ 5.121593, 51.047619 ], [ 5.089946, 51.049468 ], [ 5.081277, 51.04756 ], [ 5.078542, 51.041318 ], [ 5.081898, 51.024374 ], [ 5.066467, 51.017766 ], [ 5.05946, 51.016738 ], [ 5.054468, 51.021676 ], [ 5.045199, 51.023877 ], [ 5.021266, 51.019483 ], [ 5.021266, 51.021055 ], [ 5.008171, 51.037235 ], [ 4.985387, 51.031275 ], [ 4.981258, 51.032259 ], [ 4.981575, 51.034885 ], [ 4.980353, 51.038545 ], [ 4.970901, 51.037894 ], [ 4.966503, 51.046146 ], [ 4.950619, 51.038348 ], [ 4.936045, 51.0364 ], [ 4.924845, 51.037304 ], [ 4.912528, 51.035071 ], [ 4.904728, 51.03064 ], [ 4.902716, 51.02544 ], [ 4.88355, 51.020324 ], [ 4.871975, 51.023285 ], [ 4.842964, 51.012629 ], [ 4.810034, 51.010776 ], [ 4.810052, 51.019531 ], [ 4.80448, 51.026424 ], [ 4.798971, 51.028465 ], [ 4.796481, 51.028556 ], [ 4.794257, 51.031105 ], [ 4.79119, 51.037205 ], [ 4.789319, 51.038929 ], [ 4.795499, 51.055695 ], [ 4.794452, 51.060027 ], [ 4.791822, 51.06192 ], [ 4.778816, 51.062172 ], [ 4.773838, 51.067924 ], [ 4.768064, 51.070627 ], [ 4.780704, 51.080502 ], [ 4.791021, 51.080162 ], [ 4.809855, 51.086178 ], [ 4.811518, 51.088505 ], [ 4.817675, 51.099131 ], [ 4.816503, 51.10392 ], [ 4.809722, 51.106423 ], [ 4.80697, 51.110976 ], [ 4.790409, 51.119633 ], [ 4.785694, 51.124359 ], [ 4.779565, 51.126243 ], [ 4.762135, 51.124222 ], [ 4.761825, 51.114669 ], [ 4.756202, 51.112143 ], [ 4.744704, 51.115946 ], [ 4.73609, 51.115244 ], [ 4.721309, 51.121721 ], [ 4.717694, 51.125604 ], [ 4.71427, 51.125833 ], [ 4.72053, 51.15065 ], [ 4.716416, 51.152577 ], [ 4.701362, 51.176676 ], [ 4.694647, 51.178406 ], [ 4.693761, 51.193489 ], [ 4.71486, 51.19689 ], [ 4.724042, 51.210626 ], [ 4.730561, 51.215645 ], [ 4.731761, 51.219243 ], [ 4.726445, 51.228394 ], [ 4.732633, 51.24002 ], [ 4.739442, 51.238529 ], [ 4.742238, 51.244961 ], [ 4.74265, 51.245159 ], [ 4.747825, 51.242979 ], [ 4.761505, 51.251395 ], [ 4.776396, 51.273082 ], [ 4.767826, 51.290528 ], [ 4.775887, 51.312553 ], [ 4.718175, 51.326832 ], [ 4.723383, 51.357627 ], [ 4.718281, 51.375633 ], [ 4.717008, 51.382229 ], [ 4.714546, 51.398124 ], [ 4.711499, 51.410316 ], [ 4.669544, 51.426384 ], [ 4.667286, 51.444439 ], [ 4.692802, 51.452317 ], [ 4.704348, 51.466608 ], [ 4.715785, 51.469155 ], [ 4.728776, 51.483376 ], [ 4.734007, 51.485591 ], [ 4.746145, 51.489613 ], [ 4.750611, 51.497989 ], [ 4.759926, 51.502464 ], [ 4.775349, 51.504838 ], [ 4.780179, 51.503822 ], [ 4.78501, 51.499418 ], [ 4.798836, 51.499159 ], [ 4.815801, 51.494236 ], [ 4.822484, 51.483083 ], [ 4.841391, 51.480713 ], [ 4.836611, 51.463106 ], [ 4.84281, 51.458798 ], [ 4.839476, 51.45684 ], [ 4.834407, 51.457367 ], [ 4.823914, 51.448334 ], [ 4.829165, 51.422526 ], [ 4.826865, 51.422203 ], [ 4.803734, 51.428393 ], [ 4.792365, 51.429141 ], [ 4.785044, 51.432268 ], [ 4.774536, 51.431523 ], [ 4.768986, 51.429005 ], [ 4.76919, 51.419477 ], [ 4.772193, 51.415125 ], [ 4.787864, 51.409746 ], [ 4.837188, 51.414423 ], [ 4.846174, 51.412914 ], [ 4.851539, 51.413927 ], [ 4.859151, 51.412916 ], [ 4.859727, 51.4114 ], [ 4.867409, 51.409119 ], [ 4.86894, 51.412924 ], [ 4.882916, 51.41582 ], [ 4.894544, 51.413518 ], [ 4.90079, 51.414157 ], [ 4.900709, 51.41106 ], [ 4.908395, 51.408233 ], [ 4.910641, 51.402715 ], [ 4.917834, 51.398809 ], [ 4.927334, 51.399124 ], [ 4.928706, 51.396084 ], [ 4.96389, 51.422523 ], [ 5.0032, 51.443774 ], [ 5.010374, 51.458252 ], [ 5.007952, 51.465587 ], [ 5.011128, 51.471941 ], [ 5.016354, 51.475559 ], [ 5.021266, 51.480255 ], [ 5.022499, 51.481433 ], [ 5.036765, 51.486933 ], [ 5.039677, 51.48565 ], [ 5.03878, 51.478708 ], [ 5.045863, 51.471687 ], [ 5.049744, 51.471123 ], [ 5.066413, 51.471196 ], [ 5.080154, 51.469797 ], [ 5.103257, 51.433022 ], [ 5.10218, 51.429005 ], [ 5.071045, 51.393421 ], [ 5.115479, 51.361915 ], [ 5.120852, 51.354552 ], [ 5.131386, 51.347105 ], [ 5.134465, 51.31549 ], [ 5.162362, 51.310742 ], [ 5.174155, 51.316048 ], [ 5.200245, 51.322619 ], [ 5.241098, 51.305663 ], [ 5.226578, 51.269201 ], [ 5.237717, 51.2616 ], [ 5.263279, 51.266608 ], [ 5.295745, 51.261775 ], [ 5.336068, 51.263447 ], [ 5.341772, 51.26573 ], [ 5.347693, 51.275324 ], [ 5.417375, 51.262226 ], [ 5.432371, 51.275277 ], [ 5.4383, 51.276058 ], [ 5.44294, 51.282016 ], [ 5.465235, 51.285169 ], [ 5.476138, 51.291343 ], [ 5.4787, 51.296035 ], [ 5.484879, 51.300053 ], [ 5.515765, 51.295324 ], [ 5.522957, 51.286141 ], [ 5.556663, 51.265393 ], [ 5.555459, 51.244337 ], [ 5.560082, 51.222791 ], [ 5.566284, 51.220836 ], [ 5.64802, 51.199097 ], [ 5.650536, 51.198428 ], [ 5.653474, 51.195636 ], [ 5.651251, 51.19245 ], [ 5.658136, 51.184715 ], [ 5.666156, 51.186007 ], [ 5.678213, 51.183274 ], [ 5.689292, 51.185004 ], [ 5.709695, 51.181101 ], [ 5.718166, 51.184317 ], [ 5.739272, 51.186281 ], [ 5.745651, 51.189472 ], [ 5.75592, 51.184978 ], [ 5.767845, 51.182892 ], [ 5.774705, 51.17894 ], [ 5.775895, 51.171275 ], [ 5.770345, 51.167488 ], [ 5.778368, 51.161615 ], [ 5.778828, 51.152616 ], [ 5.804929, 51.161587 ], [ 5.814581, 51.160056 ], [ 5.821254, 51.165443 ], [ 5.826478, 51.166755 ], [ 5.837628, 51.157121 ], [ 5.837819, 51.153475 ], [ 5.854448, 51.144578 ], [ 5.84634, 51.140483 ], [ 5.840607, 51.131753 ], [ 5.824227, 51.128416 ], [ 5.813751, 51.120941 ], [ 5.808695, 51.115555 ], [ 5.809271, 51.110936 ], [ 5.8142, 51.107987 ], [ 5.829456, 51.106327 ], [ 5.833173, 51.099659 ], [ 5.825372, 51.0932 ], [ 5.8089, 51.095905 ], [ 5.797996, 51.092623 ], [ 5.7964, 51.088198 ], [ 5.80424, 51.078459 ], [ 5.797515, 51.073531 ], [ 5.800322, 51.064113 ], [ 5.798274, 51.059853 ], [ 5.790132, 51.059407 ], [ 5.77704, 51.062197 ], [ 5.772365, 51.060795 ], [ 5.770744, 51.050112 ], [ 5.758719, 51.033198 ], [ 5.760561, 51.030763 ], [ 5.774452, 51.025594 ], [ 5.775775, 51.022126 ], [ 5.773412, 51.018817 ], [ 5.766126, 51.008715 ], [ 5.76531, 50.997401 ], [ 5.748828, 50.982356 ], [ 5.73732, 50.978177 ] ], [ [ 4.914106, 51.395024 ], [ 4.920863, 51.393688 ], [ 4.92764, 51.395424 ], [ 4.920384, 51.396753 ], [ 4.914106, 51.395024 ] ] ], [ [ [ 4.936155, 51.409448 ], [ 4.936791, 51.405312 ], [ 4.933117, 51.405089 ], [ 4.930725, 51.407397 ], [ 4.936155, 51.409448 ] ] ], [ [ [ 4.834377, 51.421202 ], [ 4.840551, 51.421497 ], [ 4.83752, 51.418323 ], [ 4.832921, 51.419142 ], [ 4.834377, 51.421202 ] ] ], [ [ [ 4.938087, 51.444699 ], [ 4.939545, 51.441802 ], [ 4.934611, 51.442114 ], [ 4.936598, 51.437828 ], [ 4.93883, 51.439346 ], [ 4.942026, 51.438921 ], [ 4.93774, 51.435173 ], [ 4.939981, 51.434194 ], [ 4.939683, 51.430785 ], [ 4.936042, 51.42942 ], [ 4.933674, 51.431079 ], [ 4.92884, 51.43048 ], [ 4.926117, 51.433393 ], [ 4.917302, 51.435413 ], [ 4.921256, 51.436924 ], [ 4.919652, 51.438247 ], [ 4.922487, 51.439744 ], [ 4.91907, 51.440688 ], [ 4.922174, 51.442625 ], [ 4.920126, 51.44589 ], [ 4.923032, 51.447411 ], [ 4.925618, 51.446622 ], [ 4.927432, 51.443895 ], [ 4.925853, 51.442709 ], [ 4.927271, 51.440292 ], [ 4.933022, 51.444128 ], [ 4.938087, 51.444699 ] ] ], [ [ [ 4.949849, 51.446062 ], [ 4.950612, 51.443343 ], [ 4.943717, 51.443696 ], [ 4.945269, 51.445382 ], [ 4.949849, 51.446062 ] ] ], [ [ [ 4.941558, 51.446329 ], [ 4.93476, 51.447459 ], [ 4.933019, 51.449637 ], [ 4.950053, 51.451963 ], [ 4.952451, 51.450162 ], [ 4.94878, 51.449113 ], [ 4.947877, 51.44733 ], [ 4.945848, 51.449059 ], [ 4.943511, 51.448698 ], [ 4.941558, 51.446329 ] ] ] ] } },
{ "type": "Feature", "properties": { "id": "BEC1", "cluster_id": "Antwerp", "country": "BE", "level": "IC1", "uuid": "a086a4fa-1001-4fb2-b5a7-7b209b03de71", "area_km2": 1483.5238399907009, "per_km2": 931.4342006733076 }, "geometry": { "type": "MultiPolygon", "coordinates": [ [ [ [ 4.285797, 51.123817 ], [ 4.274707, 51.122436 ], [ 4.261747, 51.117198 ], [ 4.248274, 51.115615 ], [ 4.215952, 51.120825 ], [ 4.213249, 51.121261 ], [ 4.192814, 51.107854 ], [ 4.175792, 51.101211 ], [ 4.173404, 51.108671 ], [ 4.164214, 51.111089 ], [ 4.141952, 51.105247 ], [ 4.14058, 51.107209 ], [ 4.13072, 51.108571 ], [ 4.134255, 51.118354 ], [ 4.128967, 51.127096 ], [ 4.131707, 51.129581 ], [ 4.128554, 51.135969 ], [ 4.117712, 51.142713 ], [ 4.109039, 51.139595 ], [ 4.10199, 51.131718 ], [ 4.09551, 51.130565 ], [ 4.080405, 51.130571 ], [ 4.065338, 51.143106 ], [ 4.059299, 51.142052 ], [ 4.048571, 51.136371 ], [ 4.024689, 51.138497 ], [ 4.012328, 51.13417 ], [ 4.026053, 51.111798 ], [ 4.025667, 51.10514 ], [ 4.020742, 51.09873 ], [ 4.024353, 51.096889 ], [ 4.030168, 51.097842 ], [ 4.033947, 51.095031 ], [ 4.014823, 51.083565 ], [ 4.008854, 51.080909 ], [ 4.004321, 51.078892 ], [ 3.997412, 51.076847 ], [ 3.987919, 51.075111 ], [ 3.971807, 51.07394 ], [ 3.92806, 51.071331 ], [ 3.923107, 51.076011 ], [ 3.917657, 51.080102 ], [ 3.908335, 51.082687 ], [ 3.902744, 51.091985 ], [ 3.902523, 51.117684 ], [ 3.896911, 51.131297 ], [ 3.897331, 51.147209 ], [ 3.899134, 51.147979 ], [ 3.901198, 51.14756 ], [ 3.902723, 51.148159 ], [ 3.910325, 51.147109 ], [ 3.907303, 51.138706 ], [ 3.909989, 51.137294 ], [ 3.939169, 51.150123 ], [ 3.954067, 51.151827 ], [ 3.955834, 51.158203 ], [ 3.961934, 51.16032 ], [ 3.980023, 51.164223 ], [ 3.992266, 51.160077 ], [ 3.998498, 51.160824 ], [ 3.994064, 51.16402 ], [ 3.992018, 51.168724 ], [ 3.990417, 51.173832 ], [ 3.980843, 51.184594 ], [ 3.981312, 51.189169 ], [ 3.97156, 51.207158 ], [ 3.980467, 51.212402 ], [ 3.993105, 51.216446 ], [ 3.987049, 51.222041 ], [ 3.977667, 51.225132 ], [ 3.985523, 51.233065 ], [ 4.005677, 51.241822 ], [ 4.008854, 51.243222 ], [ 4.018836, 51.245233 ], [ 4.025642, 51.241964 ], [ 4.036059, 51.245011 ], [ 4.040685, 51.241888 ], [ 4.05229, 51.242693 ], [ 4.060653, 51.244516 ], [ 4.071156, 51.250026 ], [ 4.165756, 51.292728 ], [ 4.215952, 51.333093 ], [ 4.234818, 51.348254 ], [ 4.242049, 51.353967 ], [ 4.226164, 51.360486 ], [ 4.218264, 51.373026 ], [ 4.24367, 51.374729 ], [ 4.279565, 51.376017 ], [ 4.333145, 51.377395 ], [ 4.341159, 51.358353 ], [ 4.349737, 51.358171 ], [ 4.355474, 51.358049 ], [ 4.368139, 51.356033 ], [ 4.385641, 51.354648 ], [ 4.394778, 51.355804 ], [ 4.41981, 51.364547 ], [ 4.430557, 51.364524 ], [ 4.425894, 51.371115 ], [ 4.430394, 51.375475 ], [ 4.390627, 51.409371 ], [ 4.384185, 51.420742 ], [ 4.391221, 51.426594 ], [ 4.395134, 51.426872 ], [ 4.394843, 51.430558 ], [ 4.398277, 51.434248 ], [ 4.395603, 51.436582 ], [ 4.395784, 51.442143 ], [ 4.392, 51.445618 ], [ 4.380434, 51.447179 ], [ 4.382725, 51.449511 ], [ 4.391183, 51.45137 ], [ 4.441251, 51.468252 ], [ 4.464445, 51.4713 ], [ 4.475709, 51.477642 ], [ 4.486698, 51.47736 ], [ 4.536755, 51.482114 ], [ 4.548236, 51.473228 ], [ 4.541656, 51.464889 ], [ 4.532993, 51.453407 ], [ 4.530349, 51.448437 ], [ 4.535451, 51.422889 ], [ 4.575702, 51.432604 ], [ 4.627946, 51.426362 ], [ 4.639974, 51.422754 ], [ 4.651758, 51.426248 ], [ 4.669544, 51.426384 ], [ 4.711499, 51.410316 ], [ 4.714546, 51.398124 ], [ 4.717008, 51.382229 ], [ 4.718281, 51.375633 ], [ 4.723383, 51.357627 ], [ 4.718175, 51.326832 ], [ 4.775887, 51.312553 ], [ 4.767826, 51.290528 ], [ 4.776396, 51.273082 ], [ 4.761505, 51.251395 ], [ 4.747825, 51.242979 ], [ 4.74265, 51.245159 ], [ 4.742238, 51.244961 ], [ 4.739442, 51.238529 ], [ 4.732633, 51.24002 ], [ 4.726445, 51.228394 ], [ 4.731761, 51.219243 ], [ 4.730561, 51.215645 ], [ 4.724042, 51.210626 ], [ 4.71486, 51.19689 ], [ 4.693761, 51.193489 ], [ 4.694647, 51.178406 ], [ 4.687464, 51.176873 ], [ 4.680378, 51.178675 ], [ 4.672748, 51.177622 ], [ 4.667565, 51.180306 ], [ 4.659432, 51.180882 ], [ 4.63598, 51.175281 ], [ 4.627425, 51.165567 ], [ 4.601435, 51.154808 ], [ 4.577488, 51.149179 ], [ 4.571556, 51.152523 ], [ 4.564808, 51.165764 ], [ 4.556722, 51.163158 ], [ 4.538937, 51.162894 ], [ 4.537692, 51.158139 ], [ 4.525321, 51.158567 ], [ 4.526539, 51.150177 ], [ 4.521602, 51.144473 ], [ 4.531379, 51.132838 ], [ 4.527317, 51.129627 ], [ 4.520834, 51.124001 ], [ 4.508006, 51.119089 ], [ 4.506928, 51.116958 ], [ 4.486734, 51.115577 ], [ 4.477413, 51.112075 ], [ 4.471322, 51.100597 ], [ 4.473377, 51.096822 ], [ 4.465492, 51.093151 ], [ 4.470132, 51.085207 ], [ 4.465808, 51.079355 ], [ 4.47052, 51.073036 ], [ 4.467252, 51.072651 ], [ 4.460489, 51.073994 ], [ 4.448428, 51.07192 ], [ 4.437419, 51.078296 ], [ 4.425758, 51.073965 ], [ 4.4197, 51.073932 ], [ 4.41271, 51.07892 ], [ 4.400182, 51.075019 ], [ 4.385481, 51.080414 ], [ 4.382187, 51.081547 ], [ 4.372997, 51.082133 ], [ 4.360893, 51.085145 ], [ 4.357649, 51.085645 ], [ 4.355474, 51.086587 ], [ 4.349737, 51.089886 ], [ 4.34045, 51.095226 ], [ 4.33293, 51.098442 ], [ 4.327841, 51.101615 ], [ 4.309547, 51.106295 ], [ 4.308722, 51.10936 ], [ 4.312641, 51.115242 ], [ 4.307829, 51.125034 ], [ 4.285797, 51.123817 ] ] ] ] } },
{ "type": "Feature", "properties": { "id": "BEC2", "cluster_id": "Brussels", "country": "BE", "level": "IC1", "uuid": "252d489a-5518-45fe-a346-06ff77fe7b0d", "area_km2": 3613.0482035333316, "per_km2": 904.30346820250941 }, "geometry": { "type": "MultiPolygon", "coordinates": [ [ [ [ 4.583921, 50.759414 ], [ 4.57352, 50.748341 ], [ 4.565394, 50.747905 ], [ 4.562629, 50.744869 ], [ 4.555771, 50.748046 ], [ 4.535579, 50.739939 ], [ 4.527705, 50.73973 ], [ 4.526271, 50.738033 ], [ 4.53183, 50.732546 ], [ 4.524909, 50.727932 ], [ 4.509328, 50.73127 ], [ 4.510608, 50.733627 ], [ 4.501508, 50.738309 ], [ 4.501441, 50.743281 ], [ 4.495761, 50.740962 ], [ 4.492709, 50.742862 ], [ 4.500614, 50.7532 ], [ 4.494441, 50.756916 ], [ 4.486487, 50.752468 ], [ 4.482738, 50.753707 ], [ 4.479518, 50.751989 ], [ 4.471956, 50.752066 ], [ 4.462624, 50.754387 ], [ 4.424207, 50.735855 ], [ 4.41433, 50.735138 ], [ 4.394462, 50.734039 ], [ 4.373584, 50.729679 ], [ 4.372196, 50.716892 ], [ 4.358569, 50.716232 ], [ 4.355474, 50.715715 ], [ 4.350861, 50.716283 ], [ 4.349737, 50.717692 ], [ 4.336717, 50.734017 ], [ 4.324265, 50.727905 ], [ 4.325515, 50.723988 ], [ 4.331085, 50.724381 ], [ 4.333259, 50.717491 ], [ 4.325803, 50.716902 ], [ 4.321572, 50.719812 ], [ 4.314453, 50.71977 ], [ 4.311257, 50.713566 ], [ 4.307979, 50.700229 ], [ 4.291099, 50.694595 ], [ 4.276457, 50.699682 ], [ 4.261648, 50.699834 ], [ 4.246675, 50.689358 ], [ 4.24039, 50.691126 ], [ 4.231985, 50.698198 ], [ 4.215952, 50.705013 ], [ 4.20999, 50.707546 ], [ 4.182242, 50.707354 ], [ 4.172374, 50.721496 ], [ 4.157761, 50.728015 ], [ 4.153821, 50.728399 ], [ 4.151887, 50.725348 ], [ 4.143495, 50.728508 ], [ 4.134205, 50.716037 ], [ 4.115374, 50.712787 ], [ 4.110456, 50.715841 ], [ 4.098848, 50.708147 ], [ 4.100483, 50.705955 ], [ 4.090319, 50.707869 ], [ 4.084729, 50.711742 ], [ 4.072062, 50.711838 ], [ 4.058595, 50.695264 ], [ 4.053829, 50.70076 ], [ 4.049145, 50.701475 ], [ 4.030358, 50.69421 ], [ 4.017131, 50.694561 ], [ 4.009464, 50.698635 ], [ 3.989314, 50.688033 ], [ 3.965133, 50.689794 ], [ 3.961296, 50.689205 ], [ 3.958799, 50.689582 ], [ 3.931661, 50.690041 ], [ 3.927121, 50.695086 ], [ 3.91281, 50.691751 ], [ 3.909655, 50.692497 ], [ 3.912632, 50.698658 ], [ 3.901344, 50.710018 ], [ 3.891379, 50.710205 ], [ 3.889341, 50.711963 ], [ 3.895737, 50.732944 ], [ 3.893893, 50.735012 ], [ 3.897567, 50.738216 ], [ 3.882179, 50.750789 ], [ 3.869917, 50.748506 ], [ 3.861124, 50.750117 ], [ 3.857327, 50.747879 ], [ 3.851273, 50.748047 ], [ 3.842964, 50.744318 ], [ 3.837965, 50.742074 ], [ 3.819089, 50.744987 ], [ 3.815391, 50.750725 ], [ 3.811725, 50.757919 ], [ 3.818603, 50.762284 ], [ 3.811463, 50.770192 ], [ 3.81289, 50.772304 ], [ 3.804233, 50.778997 ], [ 3.809602, 50.782734 ], [ 3.814595, 50.78086 ], [ 3.818804, 50.781504 ], [ 3.814483, 50.787456 ], [ 3.826054, 50.778437 ], [ 3.842964, 50.775437 ], [ 3.867829, 50.786321 ], [ 3.866703, 50.793068 ], [ 3.873513, 50.804022 ], [ 3.880404, 50.808034 ], [ 3.880333, 50.813 ], [ 3.874438, 50.812583 ], [ 3.861151, 50.817215 ], [ 3.86562, 50.831077 ], [ 3.861804, 50.831798 ], [ 3.857239, 50.834392 ], [ 3.85286, 50.835266 ], [ 3.849534, 50.837841 ], [ 3.842964, 50.837428 ], [ 3.840726, 50.837287 ], [ 3.826989, 50.824917 ], [ 3.815743, 50.825085 ], [ 3.794953, 50.810215 ], [ 3.787743, 50.81486 ], [ 3.789077, 50.820379 ], [ 3.785353, 50.824766 ], [ 3.784663, 50.832729 ], [ 3.776602, 50.841134 ], [ 3.766313, 50.841117 ], [ 3.76346, 50.845161 ], [ 3.766317, 50.86118 ], [ 3.762458, 50.868267 ], [ 3.751497, 50.87572 ], [ 3.759522, 50.890083 ], [ 3.749986, 50.898479 ], [ 3.750916, 50.904946 ], [ 3.746936, 50.907943 ], [ 3.750738, 50.909874 ], [ 3.753305, 50.9104 ], [ 3.75576, 50.913872 ], [ 3.767564, 50.917606 ], [ 3.780988, 50.908318 ], [ 3.78485, 50.90266 ], [ 3.795824, 50.900869 ], [ 3.807191, 50.895434 ], [ 3.816074, 50.898883 ], [ 3.821719, 50.90991 ], [ 3.828908, 50.912868 ], [ 3.824194, 50.917179 ], [ 3.830994, 50.925311 ], [ 3.82783, 50.93054 ], [ 3.832806, 50.934757 ], [ 3.842964, 50.937756 ], [ 3.849563, 50.939704 ], [ 3.845294, 50.949469 ], [ 3.847701, 50.952755 ], [ 3.849918, 50.963066 ], [ 3.844684, 50.96432 ], [ 3.842964, 50.967118 ], [ 3.835694, 50.970675 ], [ 3.829913, 50.970614 ], [ 3.8271, 50.974766 ], [ 3.825947, 50.980954 ], [ 3.835132, 50.984997 ], [ 3.829362, 50.990151 ], [ 3.829096, 50.993751 ], [ 3.833289, 50.993964 ], [ 3.829752, 50.999021 ], [ 3.832984, 51.002888 ], [ 3.823803, 51.004363 ], [ 3.821466, 51.013044 ], [ 3.824693, 51.019523 ], [ 3.828189, 51.034395 ], [ 3.835305, 51.040893 ], [ 3.825806, 51.046325 ], [ 3.843544, 51.057636 ], [ 3.857898, 51.050923 ], [ 3.867411, 51.059741 ], [ 3.880461, 51.063698 ], [ 3.887078, 51.060345 ], [ 3.892228, 51.063257 ], [ 3.901667, 51.064731 ], [ 3.904822, 51.069237 ], [ 3.923107, 51.076011 ], [ 3.92806, 51.071331 ], [ 3.971807, 51.07394 ], [ 3.987919, 51.075111 ], [ 3.997412, 51.076847 ], [ 4.004321, 51.078892 ], [ 4.008854, 51.080909 ], [ 4.014823, 51.083565 ], [ 4.033947, 51.095031 ], [ 4.030168, 51.097842 ], [ 4.024353, 51.096889 ], [ 4.020742, 51.09873 ], [ 4.025667, 51.10514 ], [ 4.026053, 51.111798 ], [ 4.012328, 51.13417 ], [ 4.024689, 51.138497 ], [ 4.048571, 51.136371 ], [ 4.059299, 51.142052 ], [ 4.065338, 51.143106 ], [ 4.080405, 51.130571 ], [ 4.09551, 51.130565 ], [ 4.10199, 51.131718 ], [ 4.109039, 51.139595 ], [ 4.117712, 51.142713 ], [ 4.128554, 51.135969 ], [ 4.131707, 51.129581 ], [ 4.128967, 51.127096 ], [ 4.134255, 51.118354 ], [ 4.13072, 51.108571 ], [ 4.14058, 51.107209 ], [ 4.141952, 51.105247 ], [ 4.164214, 51.111089 ], [ 4.173404, 51.108671 ], [ 4.175792, 51.101211 ], [ 4.192814, 51.107854 ], [ 4.213249, 51.121261 ], [ 4.215952, 51.120825 ], [ 4.248274, 51.115615 ], [ 4.261747, 51.117198 ], [ 4.274707, 51.122436 ], [ 4.285797, 51.123817 ], [ 4.307829, 51.125034 ], [ 4.312641, 51.115242 ], [ 4.308722, 51.10936 ], [ 4.309547, 51.106295 ], [ 4.327841, 51.101615 ], [ 4.33293, 51.098442 ], [ 4.34045, 51.095226 ], [ 4.349737, 51.089886 ], [ 4.355474, 51.086587 ], [ 4.357649, 51.085645 ], [ 4.360893, 51.085145 ], [ 4.372997, 51.082133 ], [ 4.382187, 51.081547 ], [ 4.385481, 51.080414 ], [ 4.400182, 51.075019 ], [ 4.41271, 51.07892 ], [ 4.4197, 51.073932 ], [ 4.425758, 51.073965 ], [ 4.437419, 51.078296 ], [ 4.448428, 51.07192 ], [ 4.460489, 51.073994 ], [ 4.467252, 51.072651 ], [ 4.47052, 51.073036 ], [ 4.465808, 51.079355 ], [ 4.470132, 51.085207 ], [ 4.465492, 51.093151 ], [ 4.473377, 51.096822 ], [ 4.471322, 51.100597 ], [ 4.477413, 51.112075 ], [ 4.486734, 51.115577 ], [ 4.506928, 51.116958 ], [ 4.508006, 51.119089 ], [ 4.520834, 51.124001 ], [ 4.527317, 51.129627 ], [ 4.531379, 51.132838 ], [ 4.521602, 51.144473 ], [ 4.526539, 51.150177 ], [ 4.525321, 51.158567 ], [ 4.537692, 51.158139 ], [ 4.538937, 51.162894 ], [ 4.556722, 51.163158 ], [ 4.564808, 51.165764 ], [ 4.571556, 51.152523 ], [ 4.577488, 51.149179 ], [ 4.601435, 51.154808 ], [ 4.627425, 51.165567 ], [ 4.63598, 51.175281 ], [ 4.659432, 51.180882 ], [ 4.667565, 51.180306 ], [ 4.672748, 51.177622 ], [ 4.680378, 51.178675 ], [ 4.687464, 51.176873 ], [ 4.694647, 51.178406 ], [ 4.701362, 51.176676 ], [ 4.716416, 51.152577 ], [ 4.72053, 51.15065 ], [ 4.71427, 51.125833 ], [ 4.717694, 51.125604 ], [ 4.721309, 51.121721 ], [ 4.73609, 51.115244 ], [ 4.744704, 51.115946 ], [ 4.756202, 51.112143 ], [ 4.761825, 51.114669 ], [ 4.762135, 51.124222 ], [ 4.779565, 51.126243 ], [ 4.785694, 51.124359 ], [ 4.790409, 51.119633 ], [ 4.80697, 51.110976 ], [ 4.809722, 51.106423 ], [ 4.816503, 51.10392 ], [ 4.817675, 51.099131 ], [ 4.811518, 51.088505 ], [ 4.809855, 51.086178 ], [ 4.791021, 51.080162 ], [ 4.780704, 51.080502 ], [ 4.768064, 51.070627 ], [ 4.773838, 51.067924 ], [ 4.778816, 51.062172 ], [ 4.791822, 51.06192 ], [ 4.794452, 51.060027 ], [ 4.795499, 51.055695 ], [ 4.789319, 51.038929 ], [ 4.79119, 51.037205 ], [ 4.794257, 51.031105 ], [ 4.796481, 51.028556 ], [ 4.798971, 51.028465 ], [ 4.80448, 51.026424 ], [ 4.810052, 51.019531 ], [ 4.810034, 51.010776 ], [ 4.842964, 51.012629 ], [ 4.871975, 51.023285 ], [ 4.88355, 51.020324 ], [ 4.902716, 51.02544 ], [ 4.904728, 51.03064 ], [ 4.912528, 51.035071 ], [ 4.924845, 51.037304 ], [ 4.936045, 51.0364 ], [ 4.950619, 51.038348 ], [ 4.966503, 51.046146 ], [ 4.970901, 51.037894 ], [ 4.980353, 51.038545 ], [ 4.981575, 51.034885 ], [ 4.981258, 51.032259 ], [ 4.985387, 51.031275 ], [ 5.008171, 51.037235 ], [ 5.021266, 51.021055 ], [ 5.021266, 51.019483 ], [ 5.045199, 51.023877 ], [ 5.054468, 51.021676 ], [ 5.05946, 51.016738 ], [ 5.066467, 51.017766 ], [ 5.081898, 51.024374 ], [ 5.078542, 51.041318 ], [ 5.081277, 51.04756 ], [ 5.089946, 51.049468 ], [ 5.121593, 51.047619 ], [ 5.126467, 51.043999 ], [ 5.140422, 51.035625 ], [ 5.14556, 51.031959 ], [ 5.147115, 51.03017 ], [ 5.154222, 51.026321 ], [ 5.159698, 51.024147 ], [ 5.132833, 51.016072 ], [ 5.126067, 51.01819 ], [ 5.125147, 51.022514 ], [ 5.118173, 51.019961 ], [ 5.124881, 50.997707 ], [ 5.112804, 50.997692 ], [ 5.082918, 50.985598 ], [ 5.079732, 50.981626 ], [ 5.084244, 50.970529 ], [ 5.083108, 50.967395 ], [ 5.075531, 50.959554 ], [ 5.066413, 50.956972 ], [ 5.058234, 50.9537 ], [ 5.052115, 50.945857 ], [ 5.042069, 50.942814 ], [ 5.045321, 50.932501 ], [ 5.046693, 50.93054 ], [ 5.053432, 50.921229 ], [ 5.066413, 50.916937 ], [ 5.077306, 50.920605 ], [ 5.092097, 50.909111 ], [ 5.103749, 50.915012 ], [ 5.132527, 50.921612 ], [ 5.137363, 50.913733 ], [ 5.157659, 50.911835 ], [ 5.170248, 50.913235 ], [ 5.180975, 50.909459 ], [ 5.187241, 50.904213 ], [ 5.186666, 50.893802 ], [ 5.185143, 50.889128 ], [ 5.178963, 50.885007 ], [ 5.178379, 50.878312 ], [ 5.172399, 50.873708 ], [ 5.168053, 50.873119 ], [ 5.155199, 50.878521 ], [ 5.154683, 50.866025 ], [ 5.149434, 50.860173 ], [ 5.150347, 50.857914 ], [ 5.148443, 50.858078 ], [ 5.147735, 50.853418 ], [ 5.138374, 50.848531 ], [ 5.143717, 50.844164 ], [ 5.135581, 50.834772 ], [ 5.137107, 50.824631 ], [ 5.130786, 50.816552 ], [ 5.140169, 50.809842 ], [ 5.149404, 50.811297 ], [ 5.151211, 50.809249 ], [ 5.132706, 50.792739 ], [ 5.116695, 50.791837 ], [ 5.106798, 50.779068 ], [ 5.116902, 50.764259 ], [ 5.104535, 50.751166 ], [ 5.101717, 50.742777 ], [ 5.120829, 50.734583 ], [ 5.113215, 50.72813 ], [ 5.103481, 50.709064 ], [ 5.09468, 50.703669 ], [ 5.078174, 50.708575 ], [ 5.070662, 50.707154 ], [ 5.066413, 50.710134 ], [ 5.062011, 50.71534 ], [ 5.056409, 50.715709 ], [ 5.045084, 50.723533 ], [ 5.046232, 50.73091 ], [ 5.04351, 50.734189 ], [ 5.046576, 50.739531 ], [ 5.021266, 50.750055 ], [ 5.019567, 50.750762 ], [ 5.005364, 50.764547 ], [ 4.986525, 50.769245 ], [ 4.980586, 50.769065 ], [ 4.977301, 50.766247 ], [ 4.969608, 50.767137 ], [ 4.968593, 50.762742 ], [ 4.953001, 50.752136 ], [ 4.939349, 50.747713 ], [ 4.930326, 50.747293 ], [ 4.925652, 50.742815 ], [ 4.917806, 50.748414 ], [ 4.907508, 50.749938 ], [ 4.910025, 50.755794 ], [ 4.903447, 50.760677 ], [ 4.906175, 50.76816 ], [ 4.90122, 50.768785 ], [ 4.89918, 50.771279 ], [ 4.884533, 50.763156 ], [ 4.877242, 50.766106 ], [ 4.86114, 50.764338 ], [ 4.847993, 50.767124 ], [ 4.836224, 50.763146 ], [ 4.831082, 50.770474 ], [ 4.837352, 50.772888 ], [ 4.83584, 50.775345 ], [ 4.813423, 50.776553 ], [ 4.807161, 50.786427 ], [ 4.800546, 50.790409 ], [ 4.800073, 50.792754 ], [ 4.796391, 50.795479 ], [ 4.789565, 50.798703 ], [ 4.768316, 50.80352 ], [ 4.762379, 50.803226 ], [ 4.759227, 50.806366 ], [ 4.74839, 50.806718 ], [ 4.735747, 50.800925 ], [ 4.729394, 50.802547 ], [ 4.725523, 50.801581 ], [ 4.726777, 50.797509 ], [ 4.716946, 50.789809 ], [ 4.710588, 50.79553 ], [ 4.699095, 50.789486 ], [ 4.693161, 50.789242 ], [ 4.691254, 50.791797 ], [ 4.688167, 50.791558 ], [ 4.685821, 50.794048 ], [ 4.659911, 50.793356 ], [ 4.642371, 50.799026 ], [ 4.646551, 50.789426 ], [ 4.637168, 50.772494 ], [ 4.647137, 50.759969 ], [ 4.653252, 50.759024 ], [ 4.655055, 50.756035 ], [ 4.64659, 50.751199 ], [ 4.643779, 50.746522 ], [ 4.633092, 50.743128 ], [ 4.620343, 50.743503 ], [ 4.605601, 50.741574 ], [ 4.599569, 50.745117 ], [ 4.600999, 50.754597 ], [ 4.597269, 50.763534 ], [ 4.583921, 50.759414 ] ] ] ] } },
{ "type": "Feature", "properties": { "id": "BEC3", "cluster_id": "Charleroi-Namur", "country": "BE", "level": "IC1", "uuid": "8a770454-e3ba-4d04-b83a-1cedb23d97d2", "area_km2": 6613.4894413464035, "per_km2": 245.71768571516955 }, "geometry": { "type": "MultiPolygon", "coordinates": [ [ [ [ 5.260369, 50.40275 ], [ 5.274121, 50.398377 ], [ 5.276348, 50.395082 ], [ 5.285433, 50.394546 ], [ 5.279911, 50.388834 ], [ 5.28134, 50.378766 ], [ 5.297388, 50.365645 ], [ 5.335674, 50.379664 ], [ 5.346531, 50.38668 ], [ 5.351735, 50.388291 ], [ 5.357855, 50.387304 ], [ 5.368194, 50.380277 ], [ 5.382959, 50.386268 ], [ 5.393235, 50.379364 ], [ 5.400472, 50.374159 ], [ 5.399907, 50.36466 ], [ 5.381614, 50.350975 ], [ 5.385257, 50.34505 ], [ 5.39571, 50.340935 ], [ 5.394546, 50.336248 ], [ 5.374699, 50.326147 ], [ 5.350564, 50.320888 ], [ 5.343093, 50.316045 ], [ 5.342284, 50.312645 ], [ 5.341979, 50.311362 ], [ 5.347638, 50.305862 ], [ 5.356151, 50.312645 ], [ 5.362179, 50.317448 ], [ 5.381596, 50.314313 ], [ 5.386383, 50.317051 ], [ 5.389788, 50.312645 ], [ 5.391865, 50.309958 ], [ 5.393227, 50.300234 ], [ 5.390371, 50.29816 ], [ 5.394783, 50.295051 ], [ 5.395638, 50.289462 ], [ 5.375472, 50.27842 ], [ 5.36299, 50.276278 ], [ 5.341723, 50.264209 ], [ 5.331965, 50.255127 ], [ 5.313223, 50.245744 ], [ 5.301321, 50.242218 ], [ 5.293775, 50.239982 ], [ 5.290798, 50.242218 ], [ 5.28263, 50.247624 ], [ 5.271075, 50.242218 ], [ 5.254512, 50.239521 ], [ 5.251924, 50.238086 ], [ 5.257512, 50.235615 ], [ 5.260166, 50.232807 ], [ 5.261677, 50.23019 ], [ 5.257693, 50.228446 ], [ 5.258709, 50.227291 ], [ 5.234382, 50.221969 ], [ 5.228681, 50.227798 ], [ 5.22653, 50.227005 ], [ 5.222976, 50.224575 ], [ 5.218916, 50.22369 ], [ 5.207479, 50.216272 ], [ 5.231231, 50.21446 ], [ 5.244702, 50.204283 ], [ 5.235452, 50.195671 ], [ 5.241725, 50.193365 ], [ 5.248463, 50.19405 ], [ 5.244076, 50.186498 ], [ 5.265671, 50.168148 ], [ 5.270644, 50.160686 ], [ 5.28087, 50.158722 ], [ 5.275417, 50.156241 ], [ 5.282286, 50.154397 ], [ 5.282248, 50.147733 ], [ 5.274675, 50.145226 ], [ 5.269949, 50.140467 ], [ 5.263942, 50.14201 ], [ 5.243276, 50.133823 ], [ 5.246711, 50.128204 ], [ 5.254061, 50.127783 ], [ 5.268711, 50.118049 ], [ 5.268411, 50.111888 ], [ 5.263064, 50.10849 ], [ 5.258781, 50.110002 ], [ 5.236312, 50.109876 ], [ 5.227595, 50.10698 ], [ 5.225521, 50.102261 ], [ 5.201188, 50.097014 ], [ 5.186444, 50.100307 ], [ 5.159892, 50.100223 ], [ 5.152833, 50.094318 ], [ 5.138256, 50.094779 ], [ 5.130984, 50.098299 ], [ 5.122219, 50.09914 ], [ 5.096697, 50.095212 ], [ 5.073217, 50.094215 ], [ 5.060991, 50.106767 ], [ 5.067283, 50.116309 ], [ 5.068006, 50.122416 ], [ 5.065841, 50.123108 ], [ 5.053486, 50.088394 ], [ 5.054007, 50.083534 ], [ 5.059556, 50.077505 ], [ 5.051708, 50.075949 ], [ 5.053083, 50.067621 ], [ 5.043288, 50.060842 ], [ 5.041026, 50.054077 ], [ 5.031025, 50.050277 ], [ 5.025013, 50.044317 ], [ 5.021266, 50.042634 ], [ 5.011303, 50.038159 ], [ 4.997615, 50.044693 ], [ 4.994615, 50.041454 ], [ 4.993663, 50.032469 ], [ 4.989332, 50.028497 ], [ 4.97962, 50.030423 ], [ 4.973, 50.028999 ], [ 4.979502, 50.025165 ], [ 4.983682, 50.023399 ], [ 4.988154, 50.018158 ], [ 4.990796, 50.016144 ], [ 4.996054, 50.013181 ], [ 4.997533, 50.006231 ], [ 5.010858, 49.996611 ], [ 5.007832, 49.987147 ], [ 5.010354, 49.98215 ], [ 5.021266, 49.97835 ], [ 5.029102, 49.978534 ], [ 5.052556, 49.98542 ], [ 5.06535, 49.981921 ], [ 5.067781, 49.973898 ], [ 5.079059, 49.967417 ], [ 5.093298, 49.961755 ], [ 5.099539, 49.961853 ], [ 5.102466, 49.948281 ], [ 5.098909, 49.936691 ], [ 5.110866, 49.925248 ], [ 5.118515, 49.922353 ], [ 5.114197, 49.920598 ], [ 5.093126, 49.919102 ], [ 5.082691, 49.913522 ], [ 5.072685, 49.912379 ], [ 5.066413, 49.906986 ], [ 5.062745, 49.900299 ], [ 5.05736, 49.897566 ], [ 5.048509, 49.89763 ], [ 5.044062, 49.893206 ], [ 5.049617, 49.88831 ], [ 5.061669, 49.886105 ], [ 5.047514, 49.878616 ], [ 5.036211, 49.873153 ], [ 5.024559, 49.872314 ], [ 5.023953, 49.864628 ], [ 5.021266, 49.863233 ], [ 5.012385, 49.85862 ], [ 4.991781, 49.853051 ], [ 4.981403, 49.842853 ], [ 4.984778, 49.838418 ], [ 4.984308, 49.827497 ], [ 4.989352, 49.823319 ], [ 4.987233, 49.820992 ], [ 4.977743, 49.819414 ], [ 4.980156, 49.816533 ], [ 4.970303, 49.811121 ], [ 4.969431, 49.801826 ], [ 4.964996, 49.798367 ], [ 4.956411, 49.801129 ], [ 4.949131, 49.799159 ], [ 4.94295, 49.790695 ], [ 4.94235, 49.792366 ], [ 4.938806, 49.79285 ], [ 4.932347, 49.789844 ], [ 4.931408, 49.786728 ], [ 4.920186, 49.788268 ], [ 4.905556, 49.785757 ], [ 4.897758, 49.788562 ], [ 4.887225, 49.788059 ], [ 4.880697, 49.792465 ], [ 4.875543, 49.793377 ], [ 4.8701, 49.793432 ], [ 4.870767, 49.789516 ], [ 4.861711, 49.789295 ], [ 4.852823, 49.79351 ], [ 4.862849, 49.802542 ], [ 4.866257, 49.813301 ], [ 4.87614, 49.819141 ], [ 4.8691, 49.823865 ], [ 4.8665, 49.841227 ], [ 4.857477, 49.842326 ], [ 4.855064, 49.849037 ], [ 4.8517, 49.854344 ], [ 4.851643, 49.863745 ], [ 4.861717, 49.86683 ], [ 4.865151, 49.8764 ], [ 4.87046, 49.879727 ], [ 4.871807, 49.886966 ], [ 4.878079, 49.894186 ], [ 4.886526, 49.898842 ], [ 4.884849, 49.901554 ], [ 4.877352, 49.902403 ], [ 4.87919, 49.904933 ], [ 4.886607, 49.906288 ], [ 4.889051, 49.909298 ], [ 4.881066, 49.916582 ], [ 4.880235, 49.922005 ], [ 4.875832, 49.924743 ], [ 4.858575, 49.932296 ], [ 4.846708, 49.948835 ], [ 4.83956, 49.950429 ], [ 4.830586, 49.949434 ], [ 4.813808, 49.954284 ], [ 4.790869, 49.958416 ], [ 4.790235, 49.969171 ], [ 4.794673, 49.976573 ], [ 4.79406, 49.981449 ], [ 4.805379, 49.983642 ], [ 4.81758, 49.994086 ], [ 4.816188, 50.002406 ], [ 4.820298, 50.010698 ], [ 4.817308, 50.016556 ], [ 4.821075, 50.022013 ], [ 4.820256, 50.026059 ], [ 4.830048, 50.033498 ], [ 4.839302, 50.037293 ], [ 4.841248, 50.04277 ], [ 4.839319, 50.046442 ], [ 4.828308, 50.049266 ], [ 4.827257, 50.058293 ], [ 4.819183, 50.060676 ], [ 4.820733, 50.065284 ], [ 4.837728, 50.067977 ], [ 4.842111, 50.076605 ], [ 4.840439, 50.082802 ], [ 4.845903, 50.084937 ], [ 4.838812, 50.093728 ], [ 4.850081, 50.100193 ], [ 4.858787, 50.099364 ], [ 4.861924, 50.09219 ], [ 4.867729, 50.088992 ], [ 4.87237, 50.088851 ], [ 4.874742, 50.094355 ], [ 4.868761, 50.097844 ], [ 4.87312, 50.108339 ], [ 4.867989, 50.119785 ], [ 4.879023, 50.130393 ], [ 4.885464, 50.130804 ], [ 4.895012, 50.135466 ], [ 4.895311, 50.139778 ], [ 4.882395, 50.141429 ], [ 4.87692, 50.153496 ], [ 4.871968, 50.153564 ], [ 4.852968, 50.15236 ], [ 4.834099, 50.1539 ], [ 4.825276, 50.16085 ], [ 4.822417, 50.166875 ], [ 4.805651, 50.153127 ], [ 4.796697, 50.148678 ], [ 4.779636, 50.14135 ], [ 4.76314, 50.136384 ], [ 4.755917, 50.12165 ], [ 4.748838, 50.121755 ], [ 4.752252, 50.116788 ], [ 4.751294, 50.111759 ], [ 4.742013, 50.108874 ], [ 4.739292, 50.108028 ], [ 4.720073, 50.102054 ], [ 4.713358, 50.097023 ], [ 4.701452, 50.094522 ], [ 4.691735, 50.082642 ], [ 4.687555, 50.072016 ], [ 4.680768, 50.067383 ], [ 4.687202, 50.057964 ], [ 4.696981, 50.059295 ], [ 4.697069, 50.055404 ], [ 4.699742, 50.052978 ], [ 4.695758, 50.048656 ], [ 4.695131, 50.047176 ], [ 4.696325, 50.042534 ], [ 4.6917, 50.037422 ], [ 4.690586, 50.034012 ], [ 4.687264, 50.028438 ], [ 4.684906, 50.026771 ], [ 4.687083, 50.024601 ], [ 4.685756, 50.020389 ], [ 4.685894, 50.01432 ], [ 4.688503, 50.011383 ], [ 4.685652, 50.00775 ], [ 4.687094, 50.002711 ], [ 4.694556, 49.996509 ], [ 4.669175, 49.996892 ], [ 4.633542, 49.987612 ], [ 4.600077, 49.986015 ], [ 4.59735, 49.986196 ], [ 4.588358, 49.984139 ], [ 4.581686, 49.983444 ], [ 4.575997, 49.981128 ], [ 4.573628, 49.980255 ], [ 4.573772, 49.97702 ], [ 4.572236, 49.974666 ], [ 4.57015, 49.973633 ], [ 4.561094, 49.969697 ], [ 4.541131, 49.968684 ], [ 4.531937, 49.962032 ], [ 4.523631, 49.951398 ], [ 4.516377, 49.95049 ], [ 4.511278, 49.946811 ], [ 4.50477, 49.947496 ], [ 4.498709, 49.948133 ], [ 4.495178, 49.948505 ], [ 4.48599, 49.94606 ], [ 4.480583, 49.947689 ], [ 4.445756, 49.937179 ], [ 4.440208, 49.941077 ], [ 4.432494, 49.941616 ], [ 4.417922, 49.946818 ], [ 4.399139, 49.948398 ], [ 4.391105, 49.948185 ], [ 4.380769, 49.953752 ], [ 4.372138, 49.951747 ], [ 4.355474, 49.952396 ], [ 4.349737, 49.95225 ], [ 4.335113, 49.962332 ], [ 4.323609, 49.963404 ], [ 4.310411, 49.968404 ], [ 4.305993, 49.967976 ], [ 4.291849, 49.964058 ], [ 4.270359, 49.965028 ], [ 4.256397, 49.963666 ], [ 4.233133, 49.957828 ], [ 4.215952, 49.957578 ], [ 4.206613, 49.957442 ], [ 4.197322, 49.954494 ], [ 4.196499, 49.967295 ], [ 4.178457, 49.97237 ], [ 4.173883, 49.97604 ], [ 4.153539, 49.974885 ], [ 4.140853, 49.97876 ], [ 4.155402, 49.986036 ], [ 4.162686, 49.996937 ], [ 4.160507, 50.000932 ], [ 4.153507, 50.000715 ], [ 4.147746, 50.003109 ], [ 4.135378, 50.015178 ], [ 4.13743, 50.021774 ], [ 4.160736, 50.047527 ], [ 4.171017, 50.047004 ], [ 4.177031, 50.046114 ], [ 4.193335, 50.049894 ], [ 4.199245, 50.056251 ], [ 4.215952, 50.06128 ], [ 4.221563, 50.062969 ], [ 4.23034, 50.071245 ], [ 4.227497, 50.079681 ], [ 4.215952, 50.091926 ], [ 4.213485, 50.094542 ], [ 4.203266, 50.098547 ], [ 4.202155, 50.101525 ], [ 4.20622, 50.105188 ], [ 4.198479, 50.107272 ], [ 4.197606, 50.109443 ], [ 4.202866, 50.115171 ], [ 4.201793, 50.12312 ], [ 4.198435, 50.127918 ], [ 4.199712, 50.133131 ], [ 4.19604, 50.135039 ], [ 4.178418, 50.133712 ], [ 4.159038, 50.135208 ], [ 4.155438, 50.12963 ], [ 4.151578, 50.128674 ], [ 4.136614, 50.130914 ], [ 4.126875, 50.134922 ], [ 4.13486, 50.142669 ], [ 4.138612, 50.152081 ], [ 4.15348, 50.160925 ], [ 4.155019, 50.167133 ], [ 4.154649, 50.17153 ], [ 4.149147, 50.174339 ], [ 4.156194, 50.184006 ], [ 4.156197, 50.19284 ], [ 4.159715, 50.193496 ], [ 4.159988, 50.201345 ], [ 4.152926, 50.207117 ], [ 4.150811, 50.213421 ], [ 4.166003, 50.215015 ], [ 4.171749, 50.218002 ], [ 4.182844, 50.232123 ], [ 4.192747, 50.239121 ], [ 4.199014, 50.240455 ], [ 4.203856, 50.240664 ], [ 4.206198, 50.242218 ], [ 4.211924, 50.246018 ], [ 4.215952, 50.248935 ], [ 4.219353, 50.251398 ], [ 4.221374, 50.255681 ], [ 4.215952, 50.262721 ], [ 4.209717, 50.270815 ], [ 4.204321, 50.274158 ], [ 4.178925, 50.275151 ], [ 4.175577, 50.277908 ], [ 4.175827, 50.283757 ], [ 4.169977, 50.285045 ], [ 4.167947, 50.287993 ], [ 4.162958, 50.288218 ], [ 4.160057, 50.285103 ], [ 4.155036, 50.284292 ], [ 4.149934, 50.275357 ], [ 4.162528, 50.271665 ], [ 4.167567, 50.266296 ], [ 4.167615, 50.261223 ], [ 4.163608, 50.25729 ], [ 4.137346, 50.257288 ], [ 4.134911, 50.25909 ], [ 4.13844, 50.261932 ], [ 4.135079, 50.266976 ], [ 4.135808, 50.273621 ], [ 4.124072, 50.273277 ], [ 4.122358, 50.277067 ], [ 4.125508, 50.287516 ], [ 4.122816, 50.296885 ], [ 4.118033, 50.302666 ], [ 4.109931, 50.302421 ], [ 4.097824, 50.312596 ], [ 4.078786, 50.30925 ], [ 4.078619, 50.310428 ], [ 4.078315, 50.312645 ], [ 4.077196, 50.320812 ], [ 4.064441, 50.330336 ], [ 4.056163, 50.332664 ], [ 4.053733, 50.338523 ], [ 4.042494, 50.339832 ], [ 4.037567, 50.342907 ], [ 4.027775, 50.35833 ], [ 4.037963, 50.358526 ], [ 4.041148, 50.360811 ], [ 4.047764, 50.359839 ], [ 4.050214, 50.361777 ], [ 4.047194, 50.365326 ], [ 4.054383, 50.370166 ], [ 4.049981, 50.37877 ], [ 4.052549, 50.38189 ], [ 4.046866, 50.38584 ], [ 4.041131, 50.394734 ], [ 4.040839, 50.400955 ], [ 4.040415, 50.404728 ], [ 4.049297, 50.410602 ], [ 4.049048, 50.417958 ], [ 4.060286, 50.422856 ], [ 4.058291, 50.430538 ], [ 4.056793, 50.43631 ], [ 4.060708, 50.440877 ], [ 4.065929, 50.441981 ], [ 4.075613, 50.440605 ], [ 4.082016, 50.443018 ], [ 4.083577, 50.44697 ], [ 4.076802, 50.4525 ], [ 4.077372, 50.455309 ], [ 4.071001, 50.458902 ], [ 4.075327, 50.464763 ], [ 4.077721, 50.467243 ], [ 4.059459, 50.471756 ], [ 4.055905, 50.480052 ], [ 4.047602, 50.487433 ], [ 4.039318, 50.500496 ], [ 4.034568, 50.505693 ], [ 4.027199, 50.507877 ], [ 4.012025, 50.50332 ], [ 3.993006, 50.504753 ], [ 3.975239, 50.513794 ], [ 3.976715, 50.516317 ], [ 3.985314, 50.51785 ], [ 3.994947, 50.524494 ], [ 3.989197, 50.528177 ], [ 3.991708, 50.53416 ], [ 3.984117, 50.54207 ], [ 3.985817, 50.546587 ], [ 3.981, 50.549406 ], [ 3.97543, 50.547294 ], [ 3.978655, 50.554449 ], [ 3.974793, 50.557188 ], [ 3.971672, 50.568272 ], [ 3.97725, 50.570307 ], [ 3.977657, 50.572845 ], [ 3.971317, 50.57695 ], [ 3.969846, 50.58715 ], [ 3.96513, 50.585387 ], [ 3.953137, 50.587141 ], [ 3.954399, 50.589033 ], [ 3.962107, 50.590149 ], [ 3.971281, 50.59362 ], [ 3.973202, 50.595573 ], [ 3.971042, 50.598865 ], [ 3.971549, 50.601143 ], [ 3.977607, 50.602084 ], [ 3.982267, 50.610416 ], [ 3.980703, 50.619273 ], [ 3.978323, 50.621082 ], [ 3.980358, 50.623794 ], [ 3.993424, 50.626226 ], [ 4.001564, 50.627804 ], [ 4.003893, 50.624962 ], [ 4.00602, 50.625965 ], [ 4.014975, 50.632908 ], [ 4.026509, 50.633659 ], [ 4.031041, 50.637199 ], [ 4.037591, 50.638206 ], [ 4.05063, 50.646782 ], [ 4.054185, 50.650043 ], [ 4.057812, 50.65036 ], [ 4.065286, 50.65348 ], [ 4.075569, 50.658397 ], [ 4.07443, 50.660782 ], [ 4.084982, 50.665161 ], [ 4.091847, 50.668854 ], [ 4.096563, 50.676401 ], [ 4.095203, 50.680441 ], [ 4.099105, 50.6922 ], [ 4.093197, 50.701636 ], [ 4.11264, 50.706071 ], [ 4.108977, 50.708812 ], [ 4.100483, 50.705955 ], [ 4.098848, 50.708147 ], [ 4.110456, 50.715841 ], [ 4.115374, 50.712787 ], [ 4.134205, 50.716037 ], [ 4.143495, 50.728508 ], [ 4.151887, 50.725348 ], [ 4.153821, 50.728399 ], [ 4.157761, 50.728015 ], [ 4.172374, 50.721496 ], [ 4.182242, 50.707354 ], [ 4.20999, 50.707546 ], [ 4.215952, 50.705013 ], [ 4.231985, 50.698198 ], [ 4.24039, 50.691126 ], [ 4.246675, 50.689358 ], [ 4.261648, 50.699834 ], [ 4.276457, 50.699682 ], [ 4.291099, 50.694595 ], [ 4.307979, 50.700229 ], [ 4.311257, 50.713566 ], [ 4.314453, 50.71977 ], [ 4.321572, 50.719812 ], [ 4.325803, 50.716902 ], [ 4.333259, 50.717491 ], [ 4.331085, 50.724381 ], [ 4.325515, 50.723988 ], [ 4.324265, 50.727905 ], [ 4.336717, 50.734017 ], [ 4.349737, 50.717692 ], [ 4.350861, 50.716283 ], [ 4.355474, 50.715715 ], [ 4.358569, 50.716232 ], [ 4.372196, 50.716892 ], [ 4.373584, 50.729679 ], [ 4.394462, 50.734039 ], [ 4.41433, 50.735138 ], [ 4.424207, 50.735855 ], [ 4.462624, 50.754387 ], [ 4.471956, 50.752066 ], [ 4.479518, 50.751989 ], [ 4.482738, 50.753707 ], [ 4.486487, 50.752468 ], [ 4.494441, 50.756916 ], [ 4.500614, 50.7532 ], [ 4.492709, 50.742862 ], [ 4.495761, 50.740962 ], [ 4.501441, 50.743281 ], [ 4.501508, 50.738309 ], [ 4.510608, 50.733627 ], [ 4.509328, 50.73127 ], [ 4.524909, 50.727932 ], [ 4.53183, 50.732546 ], [ 4.526271, 50.738033 ], [ 4.527705, 50.73973 ], [ 4.535579, 50.739939 ], [ 4.555771, 50.748046 ], [ 4.562629, 50.744869 ], [ 4.565394, 50.747905 ], [ 4.57352, 50.748341 ], [ 4.583921, 50.759414 ], [ 4.597269, 50.763534 ], [ 4.600999, 50.754597 ], [ 4.599569, 50.745117 ], [ 4.605601, 50.741574 ], [ 4.620343, 50.743503 ], [ 4.633092, 50.743128 ], [ 4.643779, 50.746522 ], [ 4.64659, 50.751199 ], [ 4.655055, 50.756035 ], [ 4.653252, 50.759024 ], [ 4.647137, 50.759969 ], [ 4.637168, 50.772494 ], [ 4.646551, 50.789426 ], [ 4.642371, 50.799026 ], [ 4.659911, 50.793356 ], [ 4.685821, 50.794048 ], [ 4.688167, 50.791558 ], [ 4.691254, 50.791797 ], [ 4.693161, 50.789242 ], [ 4.699095, 50.789486 ], [ 4.710588, 50.79553 ], [ 4.716946, 50.789809 ], [ 4.726777, 50.797509 ], [ 4.725523, 50.801581 ], [ 4.729394, 50.802547 ], [ 4.735747, 50.800925 ], [ 4.74839, 50.806718 ], [ 4.759227, 50.806366 ], [ 4.762379, 50.803226 ], [ 4.768316, 50.80352 ], [ 4.789565, 50.798703 ], [ 4.796391, 50.795479 ], [ 4.800073, 50.792754 ], [ 4.800546, 50.790409 ], [ 4.807161, 50.786427 ], [ 4.813423, 50.776553 ], [ 4.83584, 50.775345 ], [ 4.837352, 50.772888 ], [ 4.831082, 50.770474 ], [ 4.836224, 50.763146 ], [ 4.847993, 50.767124 ], [ 4.86114, 50.764338 ], [ 4.877242, 50.766106 ], [ 4.884533, 50.763156 ], [ 4.89918, 50.771279 ], [ 4.90122, 50.768785 ], [ 4.906175, 50.76816 ], [ 4.903447, 50.760677 ], [ 4.910025, 50.755794 ], [ 4.907508, 50.749938 ], [ 4.917806, 50.748414 ], [ 4.925652, 50.742815 ], [ 4.930326, 50.747293 ], [ 4.939349, 50.747713 ], [ 4.953001, 50.752136 ], [ 4.968593, 50.762742 ], [ 4.969608, 50.767137 ], [ 4.977301, 50.766247 ], [ 4.980586, 50.769065 ], [ 4.986525, 50.769245 ], [ 5.005364, 50.764547 ], [ 5.019567, 50.750762 ], [ 5.016069, 50.732601 ], [ 5.01323, 50.7312 ], [ 5.008968, 50.732311 ], [ 5.00675, 50.729339 ], [ 4.996517, 50.727202 ], [ 4.992583, 50.723724 ], [ 4.996755, 50.721246 ], [ 4.996105, 50.716485 ], [ 5.008754, 50.71202 ], [ 5.010262, 50.707442 ], [ 5.017259, 50.702572 ], [ 5.014525, 50.699356 ], [ 5.001849, 50.694219 ], [ 4.997204, 50.671611 ], [ 5.001731, 50.665113 ], [ 4.99006, 50.655476 ], [ 4.988158, 50.645469 ], [ 4.985048, 50.643997 ], [ 4.983341, 50.642242 ], [ 4.987697, 50.639187 ], [ 4.989904, 50.63678 ], [ 4.986874, 50.63639 ], [ 4.982076, 50.634636 ], [ 4.988341, 50.625431 ], [ 4.984035, 50.620838 ], [ 4.979547, 50.618534 ], [ 5.000619, 50.609759 ], [ 5.002132, 50.607237 ], [ 4.999486, 50.601135 ], [ 5.002107, 50.598472 ], [ 5.018578, 50.590974 ], [ 5.021266, 50.590391 ], [ 5.028495, 50.588821 ], [ 5.028353, 50.584745 ], [ 5.033301, 50.582038 ], [ 5.030608, 50.578058 ], [ 5.032593, 50.572212 ], [ 5.047249, 50.561599 ], [ 5.045793, 50.557333 ], [ 5.051054, 50.555378 ], [ 5.047379, 50.550962 ], [ 5.053269, 50.540949 ], [ 5.038737, 50.536443 ], [ 5.034276, 50.531765 ], [ 5.066413, 50.53047 ], [ 5.092722, 50.528894 ], [ 5.092244, 50.524458 ], [ 5.096891, 50.52061 ], [ 5.096433, 50.513698 ], [ 5.102824, 50.508341 ], [ 5.115775, 50.504329 ], [ 5.14235, 50.512108 ], [ 5.14486, 50.508663 ], [ 5.131399, 50.502749 ], [ 5.13385, 50.491267 ], [ 5.139633, 50.487444 ], [ 5.155786, 50.487723 ], [ 5.151557, 50.48106 ], [ 5.163914, 50.467628 ], [ 5.172192, 50.469676 ], [ 5.180676, 50.475661 ], [ 5.197288, 50.47892 ], [ 5.203721, 50.473176 ], [ 5.210604, 50.45909 ], [ 5.223037, 50.444378 ], [ 5.230426, 50.443395 ], [ 5.235583, 50.439024 ], [ 5.233459, 50.43129 ], [ 5.237167, 50.427177 ], [ 5.235415, 50.424857 ], [ 5.22126, 50.417297 ], [ 5.236614, 50.40331 ], [ 5.253436, 50.400795 ], [ 5.260369, 50.40275 ] ] ] ] } },
{ "type": "Feature", "properties": { "id": "BEC8", "cluster_id": "Flanders", "country": "BE", "level": "IC1", "uuid": "18dcb94a-e5d2-4cb4-b59c-a546a7c5a060", "area_km2": 3592.0576519105693, "per_km2": 373.40103869822377 }, "geometry": { "type": "MultiPolygon", "coordinates": [ [ [ [ 3.453392, 50.758144 ], [ 3.439149, 50.75827 ], [ 3.43779, 50.754912 ], [ 3.431783, 50.755697 ], [ 3.433134, 50.749042 ], [ 3.420832, 50.746133 ], [ 3.407522, 50.746569 ], [ 3.403122, 50.741691 ], [ 3.403203, 50.738986 ], [ 3.393731, 50.729774 ], [ 3.372505, 50.727211 ], [ 3.365424, 50.721429 ], [ 3.359671, 50.710117 ], [ 3.324118, 50.722309 ], [ 3.32906, 50.731006 ], [ 3.305877, 50.753999 ], [ 3.292163, 50.750007 ], [ 3.285195, 50.751797 ], [ 3.264626, 50.750778 ], [ 3.248232, 50.756938 ], [ 3.240898, 50.757045 ], [ 3.226136, 50.765172 ], [ 3.22264, 50.765293 ], [ 3.219967, 50.765385 ], [ 3.212688, 50.761805 ], [ 3.192111, 50.756129 ], [ 3.18562, 50.758028 ], [ 3.176996, 50.756164 ], [ 3.171683, 50.75861 ], [ 3.171536, 50.76205 ], [ 3.168537, 50.764514 ], [ 3.1649, 50.767502 ], [ 3.163284, 50.769813 ], [ 3.161578, 50.772251 ], [ 3.152141, 50.781854 ], [ 3.150167, 50.789702 ], [ 3.125943, 50.786853 ], [ 3.114948, 50.793817 ], [ 3.110611, 50.792762 ], [ 3.105973, 50.783346 ], [ 3.098481, 50.779019 ], [ 3.090169, 50.774379 ], [ 3.086844, 50.772945 ], [ 3.081419, 50.772655 ], [ 3.076941, 50.774485 ], [ 3.075014, 50.775273 ], [ 3.067511, 50.778339 ], [ 3.061967, 50.779821 ], [ 3.058719, 50.780689 ], [ 3.050073, 50.7782 ], [ 3.041813, 50.775822 ], [ 3.035247, 50.770138 ], [ 3.025087, 50.770868 ], [ 3.018709, 50.773533 ], [ 3.028491, 50.779172 ], [ 3.013724, 50.784249 ], [ 3.013788, 50.790318 ], [ 3.011208, 50.793363 ], [ 3.009032, 50.79593 ], [ 3.011208, 50.799587 ], [ 3.013947, 50.804192 ], [ 3.011208, 50.806981 ], [ 2.999069, 50.810459 ], [ 2.987542, 50.805813 ], [ 2.963391, 50.800113 ], [ 2.947941, 50.795004 ], [ 2.937248, 50.793663 ], [ 2.947033, 50.790583 ], [ 2.958324, 50.781547 ], [ 2.959137, 50.77402 ], [ 2.944616, 50.771842 ], [ 2.918786, 50.763946 ], [ 2.92107, 50.75714 ], [ 2.911645, 50.755594 ], [ 2.896345, 50.753085 ], [ 2.886847, 50.754847 ], [ 2.878225, 50.761522 ], [ 2.876114, 50.761196 ], [ 2.878185, 50.757816 ], [ 2.878625, 50.754902 ], [ 2.877763, 50.754307 ], [ 2.870592, 50.754608 ], [ 2.869507, 50.759922 ], [ 2.855268, 50.757269 ], [ 2.843073, 50.751125 ], [ 2.851799, 50.741087 ], [ 2.843317, 50.734423 ], [ 2.868423, 50.713472 ], [ 2.863276, 50.708343 ], [ 2.847597, 50.722356 ], [ 2.819703, 50.716248 ], [ 2.813247, 50.716934 ], [ 2.790759, 50.725957 ], [ 2.789972, 50.731499 ], [ 2.782653, 50.741804 ], [ 2.78279, 50.750512 ], [ 2.764204, 50.756355 ], [ 2.762992, 50.761799 ], [ 2.757431, 50.763484 ], [ 2.761118, 50.770779 ], [ 2.754281, 50.774589 ], [ 2.749082, 50.778748 ], [ 2.738531, 50.780582 ], [ 2.725018, 50.794185 ], [ 2.722, 50.802043 ], [ 2.724736, 50.808927 ], [ 2.712383, 50.814995 ], [ 2.708198, 50.813507 ], [ 2.680296, 50.813524 ], [ 2.669784, 50.821721 ], [ 2.662292, 50.816272 ], [ 2.657242, 50.813568 ], [ 2.63495, 50.812744 ], [ 2.625513, 50.835808 ], [ 2.617177, 50.83931 ], [ 2.615082, 50.847827 ], [ 2.610628, 50.849702 ], [ 2.600906, 50.84869 ], [ 2.599139, 50.853279 ], [ 2.611557, 50.863941 ], [ 2.607278, 50.872581 ], [ 2.609679, 50.880042 ], [ 2.605204, 50.887273 ], [ 2.609147, 50.896147 ], [ 2.604694, 50.906337 ], [ 2.607297, 50.908298 ], [ 2.60792, 50.910015 ], [ 2.606653, 50.911281 ], [ 2.607036, 50.912689 ], [ 2.605033, 50.913933 ], [ 2.603661, 50.916401 ], [ 2.598925, 50.915004 ], [ 2.593528, 50.914551 ], [ 2.591642, 50.915767 ], [ 2.589983, 50.91909 ], [ 2.5948, 50.920768 ], [ 2.600045, 50.925166 ], [ 2.603058, 50.927692 ], [ 2.608975, 50.931019 ], [ 2.617151, 50.934492 ], [ 2.618678, 50.94113 ], [ 2.628984, 50.943294 ], [ 2.631968, 50.946139 ], [ 2.618781, 50.967015 ], [ 2.61162, 50.973303 ], [ 2.607417, 50.982241 ], [ 2.609556, 50.985637 ], [ 2.604477, 50.990886 ], [ 2.594464, 50.992457 ], [ 2.577783, 51.000299 ], [ 2.572456, 51.013084 ], [ 2.575307, 51.015811 ], [ 2.565999, 51.046272 ], [ 2.559194, 51.070038 ], [ 2.546011, 51.089382 ], [ 2.604628, 51.110096 ], [ 2.651029, 51.129148 ], [ 2.679294, 51.136121 ], [ 2.703774, 51.144825 ], [ 2.749052, 51.16177 ], [ 2.76127, 51.165696 ], [ 2.764815, 51.166835 ], [ 2.840026, 51.19992 ], [ 2.906813, 51.228915 ], [ 2.911645, 51.232041 ], [ 2.915883, 51.234784 ], [ 2.923129, 51.235585 ], [ 2.942386, 51.243525 ], [ 2.986347, 51.260792 ], [ 3.011208, 51.271171 ], [ 3.050073, 51.287391 ], [ 3.05453, 51.289251 ], [ 3.075905, 51.30151 ], [ 3.110689, 51.312259 ], [ 3.154818, 51.323379 ], [ 3.179541, 51.331075 ], [ 3.169849, 51.350006 ], [ 3.185943, 51.361176 ], [ 3.199672, 51.362584 ], [ 3.22264, 51.358604 ], [ 3.226384, 51.351708 ], [ 3.227534, 51.340065 ], [ 3.253305, 51.343357 ], [ 3.294071, 51.354949 ], [ 3.365788, 51.369835 ], [ 3.374379, 51.359195 ], [ 3.374305, 51.348933 ], [ 3.383174, 51.341133 ], [ 3.384897, 51.335335 ], [ 3.359359, 51.315373 ], [ 3.372049, 51.305754 ], [ 3.376119, 51.302301 ], [ 3.367438, 51.298985 ], [ 3.366596, 51.296819 ], [ 3.370265, 51.29225 ], [ 3.379592, 51.287429 ], [ 3.381129, 51.281853 ], [ 3.376091, 51.277946 ], [ 3.380661, 51.274299 ], [ 3.396036, 51.250659 ], [ 3.398834, 51.23815 ], [ 3.367957, 51.227327 ], [ 3.371021, 51.221429 ], [ 3.376055, 51.2208 ], [ 3.379693, 51.216348 ], [ 3.384452, 51.202512 ], [ 3.378579, 51.198359 ], [ 3.36622, 51.196545 ], [ 3.3653, 51.193553 ], [ 3.36043, 51.191917 ], [ 3.365673, 51.187469 ], [ 3.375147, 51.190052 ], [ 3.385972, 51.186999 ], [ 3.388372, 51.180814 ], [ 3.4052, 51.161405 ], [ 3.41093, 51.159889 ], [ 3.402384, 51.152776 ], [ 3.404429, 51.147269 ], [ 3.390789, 51.132166 ], [ 3.380942, 51.127918 ], [ 3.379994, 51.122437 ], [ 3.374021, 51.116611 ], [ 3.367882, 51.114555 ], [ 3.356099, 51.112187 ], [ 3.348967, 51.106264 ], [ 3.340531, 51.104422 ], [ 3.331306, 51.098873 ], [ 3.359049, 51.087151 ], [ 3.373399, 51.083897 ], [ 3.38947, 51.073343 ], [ 3.392533, 51.069058 ], [ 3.415783, 51.0636 ], [ 3.420266, 51.061519 ], [ 3.420847, 51.055558 ], [ 3.433894, 51.054278 ], [ 3.444742, 51.047206 ], [ 3.444289, 51.044199 ], [ 3.436881, 51.039617 ], [ 3.424338, 51.039176 ], [ 3.425904, 51.034958 ], [ 3.430107, 51.03318 ], [ 3.432255, 51.027354 ], [ 3.444766, 51.016487 ], [ 3.451996, 51.006771 ], [ 3.445953, 50.998993 ], [ 3.44941, 50.994742 ], [ 3.435357, 50.989682 ], [ 3.432491, 50.984213 ], [ 3.426422, 50.981495 ], [ 3.426455, 50.977559 ], [ 3.432487, 50.971151 ], [ 3.441818, 50.968873 ], [ 3.443306, 50.966786 ], [ 3.415074, 50.958617 ], [ 3.414664, 50.954599 ], [ 3.42151, 50.949752 ], [ 3.431062, 50.947963 ], [ 3.443505, 50.951486 ], [ 3.452495, 50.948584 ], [ 3.454391, 50.949535 ], [ 3.459787, 50.942137 ], [ 3.45509, 50.941311 ], [ 3.445905, 50.943733 ], [ 3.438342, 50.940607 ], [ 3.442124, 50.937567 ], [ 3.455331, 50.936805 ], [ 3.453375, 50.929704 ], [ 3.443505, 50.929399 ], [ 3.43751, 50.932778 ], [ 3.43258, 50.933115 ], [ 3.425316, 50.930186 ], [ 3.424391, 50.926361 ], [ 3.43282, 50.918151 ], [ 3.426935, 50.912347 ], [ 3.419824, 50.910935 ], [ 3.416798, 50.903556 ], [ 3.427637, 50.897644 ], [ 3.444118, 50.900497 ], [ 3.45337, 50.9071 ], [ 3.460514, 50.90687 ], [ 3.466747, 50.902096 ], [ 3.484226, 50.913493 ], [ 3.518346, 50.945198 ], [ 3.52665, 50.947704 ], [ 3.53599, 50.948529 ], [ 3.541816, 50.952888 ], [ 3.539558, 50.946053 ], [ 3.552071, 50.938705 ], [ 3.574481, 50.933848 ], [ 3.582492, 50.934356 ], [ 3.588115, 50.931759 ], [ 3.590569, 50.935085 ], [ 3.594085, 50.938457 ], [ 3.597741, 50.94017 ], [ 3.602511, 50.938123 ], [ 3.606685, 50.936395 ], [ 3.608835, 50.935754 ], [ 3.613848, 50.934135 ], [ 3.626595, 50.928474 ], [ 3.631597, 50.924466 ], [ 3.626098, 50.923393 ], [ 3.625082, 50.920368 ], [ 3.640783, 50.916126 ], [ 3.645606, 50.909124 ], [ 3.659957, 50.90949 ], [ 3.669707, 50.913369 ], [ 3.680059, 50.912342 ], [ 3.685567, 50.907837 ], [ 3.690193, 50.905696 ], [ 3.693127, 50.90721 ], [ 3.692544, 50.909866 ], [ 3.701425, 50.911217 ], [ 3.707594, 50.909575 ], [ 3.72429, 50.911817 ], [ 3.727426, 50.909245 ], [ 3.728428, 50.903027 ], [ 3.746936, 50.907943 ], [ 3.750916, 50.904946 ], [ 3.749986, 50.898479 ], [ 3.759522, 50.890083 ], [ 3.751497, 50.87572 ], [ 3.762458, 50.868267 ], [ 3.766317, 50.86118 ], [ 3.76346, 50.845161 ], [ 3.766313, 50.841117 ], [ 3.776602, 50.841134 ], [ 3.784663, 50.832729 ], [ 3.785353, 50.824766 ], [ 3.789077, 50.820379 ], [ 3.787743, 50.81486 ], [ 3.794953, 50.810215 ], [ 3.815743, 50.825085 ], [ 3.826989, 50.824917 ], [ 3.840726, 50.837287 ], [ 3.842964, 50.837428 ], [ 3.849534, 50.837841 ], [ 3.85286, 50.835266 ], [ 3.857239, 50.834392 ], [ 3.861804, 50.831798 ], [ 3.86562, 50.831077 ], [ 3.861151, 50.817215 ], [ 3.874438, 50.812583 ], [ 3.880333, 50.813 ], [ 3.880404, 50.808034 ], [ 3.873513, 50.804022 ], [ 3.866703, 50.793068 ], [ 3.867829, 50.786321 ], [ 3.842964, 50.775437 ], [ 3.826054, 50.778437 ], [ 3.814483, 50.787456 ], [ 3.818804, 50.781504 ], [ 3.814595, 50.78086 ], [ 3.809602, 50.782734 ], [ 3.804233, 50.778997 ], [ 3.81289, 50.772304 ], [ 3.811463, 50.770192 ], [ 3.818603, 50.762284 ], [ 3.811725, 50.757919 ], [ 3.815391, 50.750725 ], [ 3.775677, 50.747892 ], [ 3.755021, 50.770201 ], [ 3.756297, 50.777851 ], [ 3.7357, 50.77057 ], [ 3.717009, 50.768644 ], [ 3.710509, 50.774653 ], [ 3.710284, 50.781864 ], [ 3.69806, 50.77473 ], [ 3.688515, 50.773636 ], [ 3.68476, 50.770986 ], [ 3.682437, 50.772747 ], [ 3.680256, 50.771347 ], [ 3.678185, 50.77223 ], [ 3.677547, 50.770694 ], [ 3.67594, 50.766734 ], [ 3.670678, 50.763883 ], [ 3.670646, 50.75744 ], [ 3.660589, 50.753809 ], [ 3.658336, 50.746902 ], [ 3.643059, 50.738142 ], [ 3.640486, 50.722316 ], [ 3.624296, 50.722443 ], [ 3.609522, 50.732047 ], [ 3.56827, 50.72851 ], [ 3.558338, 50.733986 ], [ 3.541273, 50.7337 ], [ 3.546894, 50.74764 ], [ 3.538609, 50.757763 ], [ 3.540685, 50.762981 ], [ 3.531551, 50.764536 ], [ 3.508969, 50.759008 ], [ 3.495282, 50.757842 ], [ 3.480672, 50.75908 ], [ 3.478928, 50.762325 ], [ 3.473866, 50.761505 ], [ 3.466192, 50.764132 ], [ 3.461098, 50.763089 ], [ 3.460306, 50.765899 ], [ 3.455674, 50.766691 ], [ 3.453392, 50.758144 ] ] ] ] } },
{ "type": "Feature", "properties": { "id": "BEC4", "cluster_id": "Ghent", "country": "BE", "level": "IC1", "uuid": "73c33737-7438-4fb5-b550-cff85b765a91", "area_km2": 1285.3850569108722, "per_km2": 514.00346927433282 }, "geometry": { "type": "MultiPolygon", "coordinates": [ [ [ [ 3.904822, 51.069237 ], [ 3.901667, 51.064731 ], [ 3.892228, 51.063257 ], [ 3.887078, 51.060345 ], [ 3.880461, 51.063698 ], [ 3.867411, 51.059741 ], [ 3.857898, 51.050923 ], [ 3.843544, 51.057636 ], [ 3.825806, 51.046325 ], [ 3.835305, 51.040893 ], [ 3.828189, 51.034395 ], [ 3.824693, 51.019523 ], [ 3.821466, 51.013044 ], [ 3.823803, 51.004363 ], [ 3.832984, 51.002888 ], [ 3.829752, 50.999021 ], [ 3.833289, 50.993964 ], [ 3.829096, 50.993751 ], [ 3.829362, 50.990151 ], [ 3.835132, 50.984997 ], [ 3.825947, 50.980954 ], [ 3.8271, 50.974766 ], [ 3.829913, 50.970614 ], [ 3.835694, 50.970675 ], [ 3.842964, 50.967118 ], [ 3.844684, 50.96432 ], [ 3.849918, 50.963066 ], [ 3.847701, 50.952755 ], [ 3.845294, 50.949469 ], [ 3.849563, 50.939704 ], [ 3.842964, 50.937756 ], [ 3.832806, 50.934757 ], [ 3.82783, 50.93054 ], [ 3.830994, 50.925311 ], [ 3.824194, 50.917179 ], [ 3.828908, 50.912868 ], [ 3.821719, 50.90991 ], [ 3.816074, 50.898883 ], [ 3.807191, 50.895434 ], [ 3.795824, 50.900869 ], [ 3.78485, 50.90266 ], [ 3.780988, 50.908318 ], [ 3.767564, 50.917606 ], [ 3.75576, 50.913872 ], [ 3.753305, 50.9104 ], [ 3.750738, 50.909874 ], [ 3.746936, 50.907943 ], [ 3.728428, 50.903027 ], [ 3.727426, 50.909245 ], [ 3.72429, 50.911817 ], [ 3.707594, 50.909575 ], [ 3.701425, 50.911217 ], [ 3.692544, 50.909866 ], [ 3.693127, 50.90721 ], [ 3.690193, 50.905696 ], [ 3.685567, 50.907837 ], [ 3.680059, 50.912342 ], [ 3.669707, 50.913369 ], [ 3.659957, 50.90949 ], [ 3.645606, 50.909124 ], [ 3.640783, 50.916126 ], [ 3.625082, 50.920368 ], [ 3.626098, 50.923393 ], [ 3.631597, 50.924466 ], [ 3.626595, 50.928474 ], [ 3.613848, 50.934135 ], [ 3.608835, 50.935754 ], [ 3.606685, 50.936395 ], [ 3.602511, 50.938123 ], [ 3.597741, 50.94017 ], [ 3.594085, 50.938457 ], [ 3.590569, 50.935085 ], [ 3.588115, 50.931759 ], [ 3.582492, 50.934356 ], [ 3.574481, 50.933848 ], [ 3.552071, 50.938705 ], [ 3.539558, 50.946053 ], [ 3.541816, 50.952888 ], [ 3.53599, 50.948529 ], [ 3.52665, 50.947704 ], [ 3.518346, 50.945198 ], [ 3.484226, 50.913493 ], [ 3.466747, 50.902096 ], [ 3.460514, 50.90687 ], [ 3.45337, 50.9071 ], [ 3.444118, 50.900497 ], [ 3.427637, 50.897644 ], [ 3.416798, 50.903556 ], [ 3.419824, 50.910935 ], [ 3.426935, 50.912347 ], [ 3.43282, 50.918151 ], [ 3.424391, 50.926361 ], [ 3.425316, 50.930186 ], [ 3.43258, 50.933115 ], [ 3.43751, 50.932778 ], [ 3.443505, 50.929399 ], [ 3.453375, 50.929704 ], [ 3.455331, 50.936805 ], [ 3.442124, 50.937567 ], [ 3.438342, 50.940607 ], [ 3.445905, 50.943733 ], [ 3.45509, 50.941311 ], [ 3.459787, 50.942137 ], [ 3.454391, 50.949535 ], [ 3.452495, 50.948584 ], [ 3.443505, 50.951486 ], [ 3.431062, 50.947963 ], [ 3.42151, 50.949752 ], [ 3.414664, 50.954599 ], [ 3.415074, 50.958617 ], [ 3.443306, 50.966786 ], [ 3.441818, 50.968873 ], [ 3.432487, 50.971151 ], [ 3.426455, 50.977559 ], [ 3.426422, 50.981495 ], [ 3.432491, 50.984213 ], [ 3.435357, 50.989682 ], [ 3.44941, 50.994742 ], [ 3.445953, 50.998993 ], [ 3.451996, 51.006771 ], [ 3.444766, 51.016487 ], [ 3.432255, 51.027354 ], [ 3.430107, 51.03318 ], [ 3.425904, 51.034958 ], [ 3.424338, 51.039176 ], [ 3.436881, 51.039617 ], [ 3.444289, 51.044199 ], [ 3.444742, 51.047206 ], [ 3.433894, 51.054278 ], [ 3.420847, 51.055558 ], [ 3.420266, 51.061519 ], [ 3.415783, 51.0636 ], [ 3.392533, 51.069058 ], [ 3.38947, 51.073343 ], [ 3.373399, 51.083897 ], [ 3.359049, 51.087151 ], [ 3.331306, 51.098873 ], [ 3.340531, 51.104422 ], [ 3.348967, 51.106264 ], [ 3.356099, 51.112187 ], [ 3.367882, 51.114555 ], [ 3.374021, 51.116611 ], [ 3.379994, 51.122437 ], [ 3.380942, 51.127918 ], [ 3.390789, 51.132166 ], [ 3.404429, 51.147269 ], [ 3.402384, 51.152776 ], [ 3.41093, 51.159889 ], [ 3.4052, 51.161405 ], [ 3.388372, 51.180814 ], [ 3.385972, 51.186999 ], [ 3.375147, 51.190052 ], [ 3.365673, 51.187469 ], [ 3.36043, 51.191917 ], [ 3.3653, 51.193553 ], [ 3.36622, 51.196545 ], [ 3.378579, 51.198359 ], [ 3.384452, 51.202512 ], [ 3.379693, 51.216348 ], [ 3.376055, 51.2208 ], [ 3.371021, 51.221429 ], [ 3.367957, 51.227327 ], [ 3.398834, 51.23815 ], [ 3.396036, 51.250659 ], [ 3.380661, 51.274299 ], [ 3.387083, 51.27303 ], [ 3.407563, 51.257512 ], [ 3.415756, 51.259083 ], [ 3.422288, 51.255798 ], [ 3.427946, 51.245164 ], [ 3.448826, 51.241783 ], [ 3.475021, 51.242672 ], [ 3.526845, 51.24652 ], [ 3.516253, 51.286819 ], [ 3.528202, 51.288385 ], [ 3.537005, 51.283775 ], [ 3.544154, 51.290707 ], [ 3.555432, 51.29037 ], [ 3.562268, 51.295509 ], [ 3.57539, 51.288767 ], [ 3.581995, 51.287684 ], [ 3.586625, 51.29345 ], [ 3.582, 51.298531 ], [ 3.589803, 51.305234 ], [ 3.615578, 51.296995 ], [ 3.621598, 51.293334 ], [ 3.638923, 51.288889 ], [ 3.657183, 51.290128 ], [ 3.669707, 51.285729 ], [ 3.678615, 51.281064 ], [ 3.687065, 51.280853 ], [ 3.693957, 51.276073 ], [ 3.715074, 51.271954 ], [ 3.725062, 51.273118 ], [ 3.754029, 51.269743 ], [ 3.764105, 51.261513 ], [ 3.769361, 51.260575 ], [ 3.775602, 51.263096 ], [ 3.794093, 51.256187 ], [ 3.789496, 51.244652 ], [ 3.790756, 51.21439 ], [ 3.801902, 51.210516 ], [ 3.807341, 51.212932 ], [ 3.823305, 51.209129 ], [ 3.836972, 51.21322 ], [ 3.842964, 51.21304 ], [ 3.852843, 51.212744 ], [ 3.85634, 51.211056 ], [ 3.888112, 51.22239 ], [ 3.892161, 51.219382 ], [ 3.891993, 51.216729 ], [ 3.878753, 51.207751 ], [ 3.886328, 51.20103 ], [ 3.894015, 51.203037 ], [ 3.90126, 51.202591 ], [ 3.918489, 51.208187 ], [ 3.917065, 51.214464 ], [ 3.928969, 51.219471 ], [ 3.937792, 51.212404 ], [ 3.945612, 51.215233 ], [ 3.958493, 51.216488 ], [ 3.965878, 51.223939 ], [ 3.977667, 51.225132 ], [ 3.987049, 51.222041 ], [ 3.993105, 51.216446 ], [ 3.980467, 51.212402 ], [ 3.97156, 51.207158 ], [ 3.981312, 51.189169 ], [ 3.980843, 51.184594 ], [ 3.990417, 51.173832 ], [ 3.992018, 51.168724 ], [ 3.994064, 51.16402 ], [ 3.998498, 51.160824 ], [ 3.992266, 51.160077 ], [ 3.980023, 51.164223 ], [ 3.961934, 51.16032 ], [ 3.955834, 51.158203 ], [ 3.954067, 51.151827 ], [ 3.939169, 51.150123 ], [ 3.909989, 51.137294 ], [ 3.907303, 51.138706 ], [ 3.910325, 51.147109 ], [ 3.902723, 51.148159 ], [ 3.901198, 51.14756 ], [ 3.899134, 51.147979 ], [ 3.897331, 51.147209 ], [ 3.896911, 51.131297 ], [ 3.902523, 51.117684 ], [ 3.902744, 51.091985 ], [ 3.908335, 51.082687 ], [ 3.917657, 51.080102 ], [ 3.923107, 51.076011 ], [ 3.904822, 51.069237 ] ] ] ] } },
{ "type": "Feature", "properties": { "id": "BEC7", "cluster_id": "Hainaut-Mons", "country": "BE", "level": "IC1", "uuid": "b29b4f58-9483-4f75-8269-66a955aceff7", "area_km2": 1974.9085455217817, "per_km2": 324.79058886143719 }, "geometry": { "type": "MultiPolygon", "coordinates": [ [ [ [ 3.953137, 50.587141 ], [ 3.96513, 50.585387 ], [ 3.969846, 50.58715 ], [ 3.971317, 50.57695 ], [ 3.977657, 50.572845 ], [ 3.97725, 50.570307 ], [ 3.971672, 50.568272 ], [ 3.974793, 50.557188 ], [ 3.978655, 50.554449 ], [ 3.97543, 50.547294 ], [ 3.981, 50.549406 ], [ 3.985817, 50.546587 ], [ 3.984117, 50.54207 ], [ 3.991708, 50.53416 ], [ 3.989197, 50.528177 ], [ 3.994947, 50.524494 ], [ 3.985314, 50.51785 ], [ 3.976715, 50.516317 ], [ 3.975239, 50.513794 ], [ 3.993006, 50.504753 ], [ 4.012025, 50.50332 ], [ 4.027199, 50.507877 ], [ 4.034568, 50.505693 ], [ 4.039318, 50.500496 ], [ 4.047602, 50.487433 ], [ 4.055905, 50.480052 ], [ 4.059459, 50.471756 ], [ 4.077721, 50.467243 ], [ 4.075327, 50.464763 ], [ 4.071001, 50.458902 ], [ 4.077372, 50.455309 ], [ 4.076802, 50.4525 ], [ 4.083577, 50.44697 ], [ 4.082016, 50.443018 ], [ 4.075613, 50.440605 ], [ 4.065929, 50.441981 ], [ 4.060708, 50.440877 ], [ 4.056793, 50.43631 ], [ 4.058291, 50.430538 ], [ 4.060286, 50.422856 ], [ 4.049048, 50.417958 ], [ 4.049297, 50.410602 ], [ 4.040415, 50.404728 ], [ 4.040839, 50.400955 ], [ 4.041131, 50.394734 ], [ 4.046866, 50.38584 ], [ 4.052549, 50.38189 ], [ 4.049981, 50.37877 ], [ 4.054383, 50.370166 ], [ 4.047194, 50.365326 ], [ 4.050214, 50.361777 ], [ 4.047764, 50.359839 ], [ 4.041148, 50.360811 ], [ 4.037963, 50.358526 ], [ 4.027775, 50.35833 ], [ 4.017974, 50.356385 ], [ 4.016139, 50.352194 ], [ 4.012455, 50.350742 ], [ 3.991569, 50.347597 ], [ 3.986822, 50.342457 ], [ 3.972807, 50.346712 ], [ 3.967308, 50.340572 ], [ 3.966215, 50.349543 ], [ 3.919753, 50.332176 ], [ 3.903428, 50.327694 ], [ 3.886014, 50.327057 ], [ 3.888831, 50.330493 ], [ 3.887494, 50.340157 ], [ 3.872531, 50.338184 ], [ 3.863648, 50.341075 ], [ 3.861617, 50.34354 ], [ 3.857778, 50.34246 ], [ 3.858922, 50.345379 ], [ 3.857522, 50.347881 ], [ 3.852587, 50.35131 ], [ 3.843775, 50.353603 ], [ 3.838778, 50.354328 ], [ 3.83375, 50.352691 ], [ 3.825528, 50.353287 ], [ 3.822275, 50.34654 ], [ 3.811611, 50.344871 ], [ 3.814178, 50.351686 ], [ 3.806103, 50.355186 ], [ 3.797819, 50.35155 ], [ 3.782799, 50.353447 ], [ 3.767067, 50.352279 ], [ 3.763511, 50.348072 ], [ 3.748159, 50.350634 ], [ 3.740791, 50.347803 ], [ 3.735986, 50.343338 ], [ 3.734461, 50.332321 ], [ 3.730097, 50.328172 ], [ 3.730242, 50.312645 ], [ 3.731694, 50.311901 ], [ 3.727892, 50.309919 ], [ 3.723672, 50.310663 ], [ 3.722146, 50.312645 ], [ 3.718962, 50.31678 ], [ 3.710549, 50.318827 ], [ 3.710929, 50.314324 ], [ 3.713386, 50.312645 ], [ 3.716464, 50.31054 ], [ 3.716945, 50.30547 ], [ 3.710389, 50.303165 ], [ 3.708039, 50.304851 ], [ 3.701955, 50.310614 ], [ 3.697142, 50.312645 ], [ 3.695164, 50.31348 ], [ 3.694673, 50.316208 ], [ 3.690174, 50.318567 ], [ 3.69302, 50.321721 ], [ 3.685943, 50.325246 ], [ 3.684878, 50.327549 ], [ 3.68025, 50.328706 ], [ 3.680364, 50.330177 ], [ 3.678597, 50.331075 ], [ 3.678417, 50.332832 ], [ 3.675658, 50.332851 ], [ 3.673633, 50.334915 ], [ 3.677608, 50.340423 ], [ 3.672131, 50.343899 ], [ 3.669707, 50.344435 ], [ 3.665779, 50.347605 ], [ 3.666438, 50.361831 ], [ 3.657756, 50.370521 ], [ 3.665258, 50.379883 ], [ 3.669707, 50.384129 ], [ 3.669707, 50.386435 ], [ 3.673198, 50.389753 ], [ 3.673389, 50.409637 ], [ 3.672765, 50.411025 ], [ 3.670192, 50.416741 ], [ 3.670294, 50.419357 ], [ 3.672153, 50.420429 ], [ 3.672283, 50.42205 ], [ 3.669707, 50.423015 ], [ 3.668792, 50.436443 ], [ 3.667958, 50.439461 ], [ 3.659842, 50.445026 ], [ 3.663391, 50.45396 ], [ 3.65551, 50.461735 ], [ 3.649143, 50.464059 ], [ 3.643606, 50.463161 ], [ 3.640503, 50.465857 ], [ 3.637839, 50.46817 ], [ 3.63307, 50.474214 ], [ 3.632231, 50.475277 ], [ 3.631628, 50.47655 ], [ 3.630328, 50.479294 ], [ 3.632094, 50.480049 ], [ 3.626944, 50.482706 ], [ 3.62398, 50.484235 ], [ 3.619072, 50.486767 ], [ 3.615082, 50.490399 ], [ 3.606704, 50.496661 ], [ 3.585925, 50.490581 ], [ 3.580113, 50.492148 ], [ 3.569811, 50.50026 ], [ 3.558586, 50.498405 ], [ 3.539272, 50.495076 ], [ 3.522786, 50.495076 ], [ 3.506631, 50.489139 ], [ 3.501817, 50.487574 ], [ 3.499603, 50.488603 ], [ 3.497072, 50.498965 ], [ 3.504412, 50.506645 ], [ 3.515087, 50.512335 ], [ 3.518737, 50.523144 ], [ 3.49906, 50.529892 ], [ 3.491094, 50.528502 ], [ 3.475428, 50.532947 ], [ 3.470356, 50.532615 ], [ 3.454734, 50.519543 ], [ 3.450042, 50.50721 ], [ 3.439406, 50.507217 ], [ 3.436318, 50.509645 ], [ 3.428135, 50.504601 ], [ 3.405514, 50.498768 ], [ 3.391297, 50.497645 ], [ 3.377233, 50.49097 ], [ 3.371055, 50.493763 ], [ 3.361055, 50.503463 ], [ 3.334672, 50.507889 ], [ 3.328822, 50.50811 ], [ 3.327144, 50.509388 ], [ 3.327656, 50.512578 ], [ 3.326584, 50.513878 ], [ 3.324803, 50.513088 ], [ 3.320123, 50.518772 ], [ 3.312408, 50.518745 ], [ 3.305294, 50.519981 ], [ 3.301817, 50.521306 ], [ 3.300128, 50.521949 ], [ 3.294628, 50.524044 ], [ 3.292681, 50.523761 ], [ 3.286492, 50.527569 ], [ 3.28454, 50.5343 ], [ 3.279699, 50.538587 ], [ 3.281264, 50.55531 ], [ 3.278994, 50.555229 ], [ 3.276017, 50.558254 ], [ 3.284056, 50.562005 ], [ 3.278543, 50.565082 ], [ 3.282051, 50.575375 ], [ 3.276133, 50.581672 ], [ 3.278502, 50.594889 ], [ 3.270942, 50.605495 ], [ 3.268847, 50.612457 ], [ 3.255962, 50.622429 ], [ 3.258669, 50.628155 ], [ 3.250622, 50.636127 ], [ 3.245228, 50.640538 ], [ 3.248965, 50.647638 ], [ 3.245047, 50.651409 ], [ 3.246314, 50.652752 ], [ 3.241004, 50.658576 ], [ 3.242078, 50.666668 ], [ 3.243116, 50.669364 ], [ 3.249564, 50.672636 ], [ 3.264181, 50.67688 ], [ 3.253647, 50.69112 ], [ 3.260307, 50.692108 ], [ 3.260396, 50.701025 ], [ 3.252535, 50.704868 ], [ 3.245294, 50.713009 ], [ 3.229465, 50.712458 ], [ 3.22264, 50.710547 ], [ 3.207679, 50.712528 ], [ 3.207236, 50.718275 ], [ 3.19291, 50.724538 ], [ 3.197829, 50.732769 ], [ 3.196317, 50.737034 ], [ 3.1938, 50.73772 ], [ 3.192697, 50.73901 ], [ 3.187972, 50.740005 ], [ 3.185664, 50.744068 ], [ 3.185633, 50.747551 ], [ 3.184267, 50.749027 ], [ 3.183317, 50.7502 ], [ 3.182139, 50.751651 ], [ 3.179361, 50.755077 ], [ 3.176996, 50.756164 ], [ 3.18562, 50.758028 ], [ 3.192111, 50.756129 ], [ 3.212688, 50.761805 ], [ 3.219967, 50.765385 ], [ 3.22264, 50.765293 ], [ 3.226136, 50.765172 ], [ 3.240898, 50.757045 ], [ 3.248232, 50.756938 ], [ 3.264626, 50.750778 ], [ 3.285195, 50.751797 ], [ 3.292163, 50.750007 ], [ 3.305877, 50.753999 ], [ 3.32906, 50.731006 ], [ 3.324118, 50.722309 ], [ 3.359671, 50.710117 ], [ 3.365424, 50.721429 ], [ 3.372505, 50.727211 ], [ 3.393731, 50.729774 ], [ 3.403203, 50.738986 ], [ 3.403122, 50.741691 ], [ 3.407522, 50.746569 ], [ 3.420832, 50.746133 ], [ 3.433134, 50.749042 ], [ 3.431783, 50.755697 ], [ 3.43779, 50.754912 ], [ 3.439149, 50.75827 ], [ 3.453392, 50.758144 ], [ 3.455674, 50.766691 ], [ 3.460306, 50.765899 ], [ 3.461098, 50.763089 ], [ 3.466192, 50.764132 ], [ 3.473866, 50.761505 ], [ 3.478928, 50.762325 ], [ 3.480672, 50.75908 ], [ 3.495282, 50.757842 ], [ 3.508969, 50.759008 ], [ 3.531551, 50.764536 ], [ 3.540685, 50.762981 ], [ 3.538609, 50.757763 ], [ 3.546894, 50.74764 ], [ 3.541273, 50.7337 ], [ 3.558338, 50.733986 ], [ 3.56827, 50.72851 ], [ 3.609522, 50.732047 ], [ 3.624296, 50.722443 ], [ 3.640486, 50.722316 ], [ 3.643059, 50.738142 ], [ 3.658336, 50.746902 ], [ 3.660589, 50.753809 ], [ 3.670646, 50.75744 ], [ 3.670678, 50.763883 ], [ 3.67594, 50.766734 ], [ 3.677547, 50.770694 ], [ 3.678185, 50.77223 ], [ 3.680256, 50.771347 ], [ 3.682437, 50.772747 ], [ 3.68476, 50.770986 ], [ 3.688515, 50.773636 ], [ 3.69806, 50.77473 ], [ 3.710284, 50.781864 ], [ 3.710509, 50.774653 ], [ 3.717009, 50.768644 ], [ 3.7357, 50.77057 ], [ 3.756297, 50.777851 ], [ 3.755021, 50.770201 ], [ 3.775677, 50.747892 ], [ 3.815391, 50.750725 ], [ 3.819089, 50.744987 ], [ 3.837965, 50.742074 ], [ 3.842964, 50.744318 ], [ 3.851273, 50.748047 ], [ 3.857327, 50.747879 ], [ 3.861124, 50.750117 ], [ 3.869917, 50.748506 ], [ 3.882179, 50.750789 ], [ 3.897567, 50.738216 ], [ 3.893893, 50.735012 ], [ 3.895737, 50.732944 ], [ 3.889341, 50.711963 ], [ 3.891379, 50.710205 ], [ 3.901344, 50.710018 ], [ 3.912632, 50.698658 ], [ 3.909655, 50.692497 ], [ 3.91281, 50.691751 ], [ 3.927121, 50.695086 ], [ 3.931661, 50.690041 ], [ 3.958799, 50.689582 ], [ 3.961296, 50.689205 ], [ 3.965133, 50.689794 ], [ 3.989314, 50.688033 ], [ 4.009464, 50.698635 ], [ 4.017131, 50.694561 ], [ 4.030358, 50.69421 ], [ 4.049145, 50.701475 ], [ 4.053829, 50.70076 ], [ 4.058595, 50.695264 ], [ 4.072062, 50.711838 ], [ 4.084729, 50.711742 ], [ 4.090319, 50.707869 ], [ 4.100483, 50.705955 ], [ 4.108977, 50.708812 ], [ 4.11264, 50.706071 ], [ 4.093197, 50.701636 ], [ 4.099105, 50.6922 ], [ 4.095203, 50.680441 ], [ 4.096563, 50.676401 ], [ 4.091847, 50.668854 ], [ 4.084982, 50.665161 ], [ 4.07443, 50.660782 ], [ 4.075569, 50.658397 ], [ 4.065286, 50.65348 ], [ 4.057812, 50.65036 ], [ 4.054185, 50.650043 ], [ 4.05063, 50.646782 ], [ 4.037591, 50.638206 ], [ 4.031041, 50.637199 ], [ 4.026509, 50.633659 ], [ 4.014975, 50.632908 ], [ 4.00602, 50.625965 ], [ 4.003893, 50.624962 ], [ 4.001564, 50.627804 ], [ 3.993424, 50.626226 ], [ 3.980358, 50.623794 ], [ 3.978323, 50.621082 ], [ 3.980703, 50.619273 ], [ 3.982267, 50.610416 ], [ 3.977607, 50.602084 ], [ 3.971549, 50.601143 ], [ 3.971042, 50.598865 ], [ 3.973202, 50.595573 ], [ 3.971281, 50.59362 ], [ 3.962107, 50.590149 ], [ 3.954399, 50.589033 ], [ 3.953137, 50.587141 ] ] ], [ [ [ 2.843317, 50.734423 ], [ 2.851799, 50.741087 ], [ 2.843073, 50.751125 ], [ 2.855268, 50.757269 ], [ 2.869507, 50.759922 ], [ 2.870592, 50.754608 ], [ 2.877763, 50.754307 ], [ 2.878625, 50.754902 ], [ 2.878185, 50.757816 ], [ 2.876114, 50.761196 ], [ 2.878225, 50.761522 ], [ 2.886847, 50.754847 ], [ 2.896345, 50.753085 ], [ 2.911645, 50.755594 ], [ 2.92107, 50.75714 ], [ 2.918786, 50.763946 ], [ 2.944616, 50.771842 ], [ 2.959137, 50.77402 ], [ 2.958324, 50.781547 ], [ 2.947033, 50.790583 ], [ 2.937248, 50.793663 ], [ 2.947941, 50.795004 ], [ 2.963391, 50.800113 ], [ 2.987542, 50.805813 ], [ 2.999069, 50.810459 ], [ 3.011208, 50.806981 ], [ 3.013947, 50.804192 ], [ 3.011208, 50.799587 ], [ 3.009032, 50.79593 ], [ 3.011208, 50.793363 ], [ 3.013788, 50.790318 ], [ 3.013724, 50.784249 ], [ 3.028491, 50.779172 ], [ 3.018709, 50.773533 ], [ 3.01507, 50.773194 ], [ 3.011208, 50.7702 ], [ 3.005894, 50.76608 ], [ 2.983272, 50.757171 ], [ 2.972211, 50.750211 ], [ 2.964159, 50.749958 ], [ 2.956622, 50.752938 ], [ 2.940103, 50.74535 ], [ 2.937994, 50.740194 ], [ 2.944161, 50.732037 ], [ 2.93715, 50.730037 ], [ 2.930552, 50.726246 ], [ 2.930049, 50.711661 ], [ 2.922303, 50.702793 ], [ 2.911645, 50.7031 ], [ 2.909228, 50.694466 ], [ 2.900403, 50.693271 ], [ 2.886391, 50.705704 ], [ 2.870144, 50.7029 ], [ 2.863276, 50.708343 ], [ 2.868423, 50.713472 ], [ 2.843317, 50.734423 ] ] ] ] } },
{ "type": "Feature", "properties": { "id": "BEC6", "cluster_id": "Liege", "country": "BE", "level": "IC1", "uuid": "ca069e52-969e-41ab-af04-95d0daeb5ccd", "area_km2": 8317.0294829441937, "per_km2": 170.38906453882882 }, "geometry": { "type": "MultiPolygon", "coordinates": [ [ [ [ 5.725217, 49.543919 ], [ 5.720015, 49.540126 ], [ 5.701239, 49.539551 ], [ 5.689546, 49.54593 ], [ 5.6826, 49.546124 ], [ 5.678825, 49.548714 ], [ 5.669208, 49.548538 ], [ 5.660725, 49.553059 ], [ 5.64802, 49.550842 ], [ 5.64384, 49.550112 ], [ 5.642312, 49.547088 ], [ 5.635443, 49.544883 ], [ 5.631673, 49.54166 ], [ 5.632778, 49.539589 ], [ 5.62176, 49.533968 ], [ 5.61704, 49.528673 ], [ 5.620859, 49.520578 ], [ 5.6174, 49.514377 ], [ 5.613861, 49.509744 ], [ 5.610967, 49.505954 ], [ 5.607083, 49.507015 ], [ 5.605292, 49.509744 ], [ 5.600897, 49.516437 ], [ 5.593665, 49.521527 ], [ 5.569868, 49.527659 ], [ 5.563291, 49.526295 ], [ 5.556648, 49.528682 ], [ 5.552596, 49.527745 ], [ 5.5465, 49.52418 ], [ 5.542408, 49.5167 ], [ 5.533422, 49.513439 ], [ 5.532676, 49.513103 ], [ 5.531433, 49.512542 ], [ 5.517026, 49.509744 ], [ 5.50336, 49.507089 ], [ 5.485088, 49.507081 ], [ 5.476628, 49.499036 ], [ 5.470883, 49.497238 ], [ 5.465267, 49.500529 ], [ 5.463035, 49.509744 ], [ 5.447172, 49.517906 ], [ 5.466061, 49.52649 ], [ 5.465585, 49.536852 ], [ 5.442525, 49.550293 ], [ 5.441328, 49.552166 ], [ 5.447098, 49.554562 ], [ 5.456758, 49.566677 ], [ 5.446098, 49.567405 ], [ 5.438068, 49.570326 ], [ 5.429308, 49.587927 ], [ 5.430942, 49.592407 ], [ 5.411112, 49.60787 ], [ 5.402347, 49.61045 ], [ 5.393511, 49.617111 ], [ 5.375485, 49.622879 ], [ 5.364294, 49.623318 ], [ 5.352218, 49.630156 ], [ 5.347344, 49.630567 ], [ 5.338783, 49.616843 ], [ 5.327676, 49.616587 ], [ 5.321936, 49.614212 ], [ 5.31495, 49.612049 ], [ 5.311992, 49.613148 ], [ 5.305643, 49.623979 ], [ 5.304892, 49.630077 ], [ 5.306351, 49.631963 ], [ 5.307944, 49.634022 ], [ 5.308611, 49.636627 ], [ 5.311686, 49.638279 ], [ 5.314167, 49.640783 ], [ 5.318186, 49.64484 ], [ 5.317806, 49.64645 ], [ 5.332394, 49.652633 ], [ 5.332406, 49.654269 ], [ 5.328872, 49.65784 ], [ 5.319128, 49.663692 ], [ 5.307465, 49.671931 ], [ 5.286533, 49.681843 ], [ 5.282181, 49.685592 ], [ 5.281147, 49.685711 ], [ 5.278627, 49.690146 ], [ 5.267174, 49.695834 ], [ 5.256343, 49.69369 ], [ 5.244003, 49.686916 ], [ 5.230739, 49.690604 ], [ 5.217192, 49.688414 ], [ 5.20595, 49.695227 ], [ 5.199633, 49.692341 ], [ 5.191032, 49.694601 ], [ 5.166169, 49.69294 ], [ 5.16389, 49.698928 ], [ 5.165049, 49.711121 ], [ 5.153739, 49.717926 ], [ 5.143608, 49.709324 ], [ 5.139317, 49.713139 ], [ 5.12639, 49.713027 ], [ 5.123039, 49.717327 ], [ 5.124842, 49.726959 ], [ 5.118425, 49.735683 ], [ 5.118469, 49.738365 ], [ 5.116916, 49.739886 ], [ 5.096569, 49.759807 ], [ 5.093458, 49.763748 ], [ 5.087761, 49.76601 ], [ 5.085911, 49.763645 ], [ 5.083736, 49.762623 ], [ 5.078308, 49.762817 ], [ 5.071944, 49.76126 ], [ 5.066413, 49.761761 ], [ 5.060165, 49.766956 ], [ 5.0468, 49.770157 ], [ 5.021266, 49.777653 ], [ 5.014872, 49.779529 ], [ 5.008142, 49.783028 ], [ 5.001753, 49.793682 ], [ 4.996262, 49.800182 ], [ 4.969431, 49.801826 ], [ 4.970303, 49.811121 ], [ 4.980156, 49.816533 ], [ 4.977743, 49.819414 ], [ 4.987233, 49.820992 ], [ 4.989352, 49.823319 ], [ 4.984308, 49.827497 ], [ 4.984778, 49.838418 ], [ 4.981403, 49.842853 ], [ 4.991781, 49.853051 ], [ 5.012385, 49.85862 ], [ 5.021266, 49.863233 ], [ 5.023953, 49.864628 ], [ 5.024559, 49.872314 ], [ 5.036211, 49.873153 ], [ 5.047514, 49.878616 ], [ 5.061669, 49.886105 ], [ 5.049617, 49.88831 ], [ 5.044062, 49.893206 ], [ 5.048509, 49.89763 ], [ 5.05736, 49.897566 ], [ 5.062745, 49.900299 ], [ 5.066413, 49.906986 ], [ 5.072685, 49.912379 ], [ 5.082691, 49.913522 ], [ 5.093126, 49.919102 ], [ 5.114197, 49.920598 ], [ 5.118515, 49.922353 ], [ 5.110866, 49.925248 ], [ 5.098909, 49.936691 ], [ 5.102466, 49.948281 ], [ 5.099539, 49.961853 ], [ 5.093298, 49.961755 ], [ 5.079059, 49.967417 ], [ 5.067781, 49.973898 ], [ 5.06535, 49.981921 ], [ 5.052556, 49.98542 ], [ 5.029102, 49.978534 ], [ 5.021266, 49.97835 ], [ 5.010354, 49.98215 ], [ 5.007832, 49.987147 ], [ 5.010858, 49.996611 ], [ 4.997533, 50.006231 ], [ 4.996054, 50.013181 ], [ 4.990796, 50.016144 ], [ 4.988154, 50.018158 ], [ 4.983682, 50.023399 ], [ 4.979502, 50.025165 ], [ 4.973, 50.028999 ], [ 4.97962, 50.030423 ], [ 4.989332, 50.028497 ], [ 4.993663, 50.032469 ], [ 4.994615, 50.041454 ], [ 4.997615, 50.044693 ], [ 5.011303, 50.038159 ], [ 5.021266, 50.042634 ], [ 5.025013, 50.044317 ], [ 5.031025, 50.050277 ], [ 5.041026, 50.054077 ], [ 5.043288, 50.060842 ], [ 5.053083, 50.067621 ], [ 5.051708, 50.075949 ], [ 5.059556, 50.077505 ], [ 5.054007, 50.083534 ], [ 5.053486, 50.088394 ], [ 5.065841, 50.123108 ], [ 5.068006, 50.122416 ], [ 5.067283, 50.116309 ], [ 5.060991, 50.106767 ], [ 5.073217, 50.094215 ], [ 5.096697, 50.095212 ], [ 5.122219, 50.09914 ], [ 5.130984, 50.098299 ], [ 5.138256, 50.094779 ], [ 5.152833, 50.094318 ], [ 5.159892, 50.100223 ], [ 5.186444, 50.100307 ], [ 5.201188, 50.097014 ], [ 5.225521, 50.102261 ], [ 5.227595, 50.10698 ], [ 5.236312, 50.109876 ], [ 5.258781, 50.110002 ], [ 5.263064, 50.10849 ], [ 5.268411, 50.111888 ], [ 5.268711, 50.118049 ], [ 5.254061, 50.127783 ], [ 5.246711, 50.128204 ], [ 5.243276, 50.133823 ], [ 5.263942, 50.14201 ], [ 5.269949, 50.140467 ], [ 5.274675, 50.145226 ], [ 5.282248, 50.147733 ], [ 5.282286, 50.154397 ], [ 5.275417, 50.156241 ], [ 5.28087, 50.158722 ], [ 5.270644, 50.160686 ], [ 5.265671, 50.168148 ], [ 5.244076, 50.186498 ], [ 5.248463, 50.19405 ], [ 5.241725, 50.193365 ], [ 5.235452, 50.195671 ], [ 5.244702, 50.204283 ], [ 5.231231, 50.21446 ], [ 5.207479, 50.216272 ], [ 5.218916, 50.22369 ], [ 5.222976, 50.224575 ], [ 5.22653, 50.227005 ], [ 5.228681, 50.227798 ], [ 5.234382, 50.221969 ], [ 5.258709, 50.227291 ], [ 5.257693, 50.228446 ], [ 5.261677, 50.23019 ], [ 5.260166, 50.232807 ], [ 5.257512, 50.235615 ], [ 5.251924, 50.238086 ], [ 5.254512, 50.239521 ], [ 5.271075, 50.242218 ], [ 5.28263, 50.247624 ], [ 5.290798, 50.242218 ], [ 5.293775, 50.239982 ], [ 5.301321, 50.242218 ], [ 5.313223, 50.245744 ], [ 5.331965, 50.255127 ], [ 5.341723, 50.264209 ], [ 5.36299, 50.276278 ], [ 5.375472, 50.27842 ], [ 5.395638, 50.289462 ], [ 5.394783, 50.295051 ], [ 5.390371, 50.29816 ], [ 5.393227, 50.300234 ], [ 5.391865, 50.309958 ], [ 5.389788, 50.312645 ], [ 5.386383, 50.317051 ], [ 5.381596, 50.314313 ], [ 5.362179, 50.317448 ], [ 5.356151, 50.312645 ], [ 5.347638, 50.305862 ], [ 5.341979, 50.311362 ], [ 5.342284, 50.312645 ], [ 5.343093, 50.316045 ], [ 5.350564, 50.320888 ], [ 5.374699, 50.326147 ], [ 5.394546, 50.336248 ], [ 5.39571, 50.340935 ], [ 5.385257, 50.34505 ], [ 5.381614, 50.350975 ], [ 5.399907, 50.36466 ], [ 5.400472, 50.374159 ], [ 5.393235, 50.379364 ], [ 5.382959, 50.386268 ], [ 5.368194, 50.380277 ], [ 5.357855, 50.387304 ], [ 5.351735, 50.388291 ], [ 5.346531, 50.38668 ], [ 5.335674, 50.379664 ], [ 5.297388, 50.365645 ], [ 5.28134, 50.378766 ], [ 5.279911, 50.388834 ], [ 5.285433, 50.394546 ], [ 5.276348, 50.395082 ], [ 5.274121, 50.398377 ], [ 5.260369, 50.40275 ], [ 5.253436, 50.400795 ], [ 5.236614, 50.40331 ], [ 5.22126, 50.417297 ], [ 5.235415, 50.424857 ], [ 5.237167, 50.427177 ], [ 5.233459, 50.43129 ], [ 5.235583, 50.439024 ], [ 5.230426, 50.443395 ], [ 5.223037, 50.444378 ], [ 5.210604, 50.45909 ], [ 5.203721, 50.473176 ], [ 5.197288, 50.47892 ], [ 5.180676, 50.475661 ], [ 5.172192, 50.469676 ], [ 5.163914, 50.467628 ], [ 5.151557, 50.48106 ], [ 5.155786, 50.487723 ], [ 5.139633, 50.487444 ], [ 5.13385, 50.491267 ], [ 5.131399, 50.502749 ], [ 5.14486, 50.508663 ], [ 5.14235, 50.512108 ], [ 5.115775, 50.504329 ], [ 5.102824, 50.508341 ], [ 5.096433, 50.513698 ], [ 5.096891, 50.52061 ], [ 5.092244, 50.524458 ], [ 5.092722, 50.528894 ], [ 5.066413, 50.53047 ], [ 5.034276, 50.531765 ], [ 5.038737, 50.536443 ], [ 5.053269, 50.540949 ], [ 5.047379, 50.550962 ], [ 5.051054, 50.555378 ], [ 5.045793, 50.557333 ], [ 5.047249, 50.561599 ], [ 5.032593, 50.572212 ], [ 5.030608, 50.578058 ], [ 5.033301, 50.582038 ], [ 5.028353, 50.584745 ], [ 5.028495, 50.588821 ], [ 5.021266, 50.590391 ], [ 5.018578, 50.590974 ], [ 5.002107, 50.598472 ], [ 4.999486, 50.601135 ], [ 5.002132, 50.607237 ], [ 5.000619, 50.609759 ], [ 4.979547, 50.618534 ], [ 4.984035, 50.620838 ], [ 4.988341, 50.625431 ], [ 4.982076, 50.634636 ], [ 4.986874, 50.63639 ], [ 4.989904, 50.63678 ], [ 4.987697, 50.639187 ], [ 4.983341, 50.642242 ], [ 4.985048, 50.643997 ], [ 4.988158, 50.645469 ], [ 4.99006, 50.655476 ], [ 5.001731, 50.665113 ], [ 4.997204, 50.671611 ], [ 5.001849, 50.694219 ], [ 5.014525, 50.699356 ], [ 5.017259, 50.702572 ], [ 5.010262, 50.707442 ], [ 5.008754, 50.71202 ], [ 4.996105, 50.716485 ], [ 4.996755, 50.721246 ], [ 4.992583, 50.723724 ], [ 4.996517, 50.727202 ], [ 5.00675, 50.729339 ], [ 5.008968, 50.732311 ], [ 5.01323, 50.7312 ], [ 5.016069, 50.732601 ], [ 5.019567, 50.750762 ], [ 5.021266, 50.750055 ], [ 5.046576, 50.739531 ], [ 5.04351, 50.734189 ], [ 5.046232, 50.73091 ], [ 5.045084, 50.723533 ], [ 5.056409, 50.715709 ], [ 5.062011, 50.71534 ], [ 5.066413, 50.710134 ], [ 5.070662, 50.707154 ], [ 5.078174, 50.708575 ], [ 5.09468, 50.703669 ], [ 5.103481, 50.709064 ], [ 5.124437, 50.706882 ], [ 5.148695, 50.69548 ], [ 5.15617, 50.697834 ], [ 5.164854, 50.695534 ], [ 5.180019, 50.704771 ], [ 5.17491, 50.713858 ], [ 5.168481, 50.715579 ], [ 5.171166, 50.721243 ], [ 5.178143, 50.721807 ], [ 5.193049, 50.71685 ], [ 5.205645, 50.720561 ], [ 5.216222, 50.720861 ], [ 5.223808, 50.72057 ], [ 5.229048, 50.717621 ], [ 5.232103, 50.719005 ], [ 5.233697, 50.720654 ], [ 5.234514, 50.724209 ], [ 5.236913, 50.727273 ], [ 5.239927, 50.718654 ], [ 5.244492, 50.716403 ], [ 5.261187, 50.716441 ], [ 5.277096, 50.728438 ], [ 5.296826, 50.723042 ], [ 5.303525, 50.716754 ], [ 5.30898, 50.718106 ], [ 5.308809, 50.723816 ], [ 5.313262, 50.728344 ], [ 5.333339, 50.735368 ], [ 5.350186, 50.745989 ], [ 5.368388, 50.746733 ], [ 5.376759, 50.742671 ], [ 5.389548, 50.747932 ], [ 5.392468, 50.743953 ], [ 5.393267, 50.739956 ], [ 5.392912, 50.738403 ], [ 5.39415, 50.734897 ], [ 5.401325, 50.734707 ], [ 5.403067, 50.728334 ], [ 5.416409, 50.722805 ], [ 5.419366, 50.71969 ], [ 5.427885, 50.72255 ], [ 5.431687, 50.719803 ], [ 5.435742, 50.722038 ], [ 5.453454, 50.721716 ], [ 5.45531, 50.727142 ], [ 5.462181, 50.730727 ], [ 5.460914, 50.735777 ], [ 5.464593, 50.738813 ], [ 5.474953, 50.733364 ], [ 5.47494, 50.726022 ], [ 5.478675, 50.723591 ], [ 5.517275, 50.740959 ], [ 5.524353, 50.742353 ], [ 5.519993, 50.747545 ], [ 5.523095, 50.758154 ], [ 5.547127, 50.75899 ], [ 5.552914, 50.763965 ], [ 5.568781, 50.76428 ], [ 5.575946, 50.771811 ], [ 5.586203, 50.771649 ], [ 5.608031, 50.777309 ], [ 5.607902, 50.779505 ], [ 5.615618, 50.783756 ], [ 5.627236, 50.782822 ], [ 5.645751, 50.792748 ], [ 5.64802, 50.796142 ], [ 5.654202, 50.805382 ], [ 5.667421, 50.804987 ], [ 5.672525, 50.807019 ], [ 5.687065, 50.8041 ], [ 5.687622, 50.811924 ], [ 5.693064, 50.811488 ], [ 5.696411, 50.808547 ], [ 5.698369, 50.804445 ], [ 5.69155, 50.796033 ], [ 5.700727, 50.781464 ], [ 5.682001, 50.757446 ], [ 5.689727, 50.75158 ], [ 5.704657, 50.750169 ], [ 5.721842, 50.74559 ], [ 5.727227, 50.751914 ], [ 5.73704, 50.755088 ], [ 5.745753, 50.752244 ], [ 5.745848, 50.747651 ], [ 5.748664, 50.745744 ], [ 5.771138, 50.750627 ], [ 5.77704, 50.7485 ], [ 5.787457, 50.744744 ], [ 5.794734, 50.738456 ], [ 5.801903, 50.73562 ], [ 5.801497, 50.73057 ], [ 5.810739, 50.72297 ], [ 5.814005, 50.715719 ], [ 5.819052, 50.714557 ], [ 5.820802, 50.713611 ], [ 5.8357, 50.71445 ], [ 5.842157, 50.716152 ], [ 5.853097, 50.716518 ], [ 5.858239, 50.717727 ], [ 5.865648, 50.716747 ], [ 5.868925, 50.714969 ], [ 5.874247, 50.713791 ], [ 5.882454, 50.710148 ], [ 5.910399, 50.735241 ], [ 5.905745, 50.742303 ], [ 5.894784, 50.747066 ], [ 5.891009, 50.751696 ], [ 5.892073, 50.755237 ], [ 5.901262, 50.752076 ], [ 5.905964, 50.755288 ], [ 5.913641, 50.755315 ], [ 5.917619, 50.750964 ], [ 5.930424, 50.756366 ], [ 5.936111, 50.756802 ], [ 5.948221, 50.759435 ], [ 5.960132, 50.762024 ], [ 5.971998, 50.759749 ], [ 5.975391, 50.755419 ], [ 5.98356, 50.75309 ], [ 6.020999, 50.754295 ], [ 6.039766, 50.745265 ], [ 6.04033, 50.738897 ], [ 6.033917, 50.729268 ], [ 6.037461, 50.719646 ], [ 6.041407, 50.719409 ], [ 6.044989, 50.727841 ], [ 6.059506, 50.724033 ], [ 6.07402, 50.721077 ], [ 6.090623, 50.722259 ], [ 6.102935, 50.722797 ], [ 6.116306, 50.720755 ], [ 6.123238, 50.712441 ], [ 6.125281, 50.705531 ], [ 6.142148, 50.68946 ], [ 6.145005, 50.681856 ], [ 6.160723, 50.671552 ], [ 6.166451, 50.662105 ], [ 6.183225, 50.650291 ], [ 6.194339, 50.657504 ], [ 6.19324, 50.664077 ], [ 6.196459, 50.659579 ], [ 6.195773, 50.656425 ], [ 6.178624, 50.644611 ], [ 6.167575, 50.643803 ], [ 6.18274, 50.632215 ], [ 6.180368, 50.628928 ], [ 6.176163, 50.627217 ], [ 6.176402, 50.625997 ], [ 6.182441, 50.624293 ], [ 6.188126, 50.627408 ], [ 6.187784, 50.629797 ], [ 6.194143, 50.633518 ], [ 6.20013, 50.631789 ], [ 6.217715, 50.631884 ], [ 6.235453, 50.625924 ], [ 6.251809, 50.62695 ], [ 6.261848, 50.628185 ], [ 6.268842, 50.625349 ], [ 6.268658, 50.619106 ], [ 6.261716, 50.611614 ], [ 6.248751, 50.604065 ], [ 6.248885, 50.597719 ], [ 6.241211, 50.588138 ], [ 6.225282, 50.589886 ], [ 6.219832, 50.582273 ], [ 6.207495, 50.575813 ], [ 6.202297, 50.569312 ], [ 6.189313, 50.566094 ], [ 6.175421, 50.557076 ], [ 6.178239, 50.553279 ], [ 6.178562, 50.542222 ], [ 6.18734, 50.540591 ], [ 6.197841, 50.53504 ], [ 6.196467, 50.531804 ], [ 6.188097, 50.527231 ], [ 6.192201, 50.521055 ], [ 6.206272, 50.520252 ], [ 6.221329, 50.503187 ], [ 6.221247, 50.497913 ], [ 6.225219, 50.495481 ], [ 6.251327, 50.503034 ], [ 6.259552, 50.499096 ], [ 6.269526, 50.503926 ], [ 6.280388, 50.502848 ], [ 6.285006, 50.498965 ], [ 6.297613, 50.497668 ], [ 6.30567, 50.500305 ], [ 6.309076, 50.501412 ], [ 6.314121, 50.499027 ], [ 6.314201, 50.497813 ], [ 6.315556, 50.497042 ], [ 6.330989, 50.492501 ], [ 6.335357, 50.489499 ], [ 6.348515, 50.488477 ], [ 6.341801, 50.483206 ], [ 6.338084, 50.474854 ], [ 6.343193, 50.468998 ], [ 6.341371, 50.461974 ], [ 6.350661, 50.457031 ], [ 6.36317, 50.454276 ], [ 6.371348, 50.45506 ], [ 6.374572, 50.451448 ], [ 6.377351, 50.438286 ], [ 6.375418, 50.43079 ], [ 6.367259, 50.419412 ], [ 6.369301, 50.40871 ], [ 6.35615, 50.391016 ], [ 6.343116, 50.380378 ], [ 6.360915, 50.37083 ], [ 6.369136, 50.358463 ], [ 6.397459, 50.345882 ], [ 6.400765, 50.33888 ], [ 6.407419, 50.334817 ], [ 6.405029, 50.323308 ], [ 6.383243, 50.321557 ], [ 6.373937, 50.313625 ], [ 6.361361, 50.314162 ], [ 6.36102, 50.312645 ], [ 6.359994, 50.308084 ], [ 6.355863, 50.309386 ], [ 6.350577, 50.312645 ], [ 6.342157, 50.317834 ], [ 6.335522, 50.318079 ], [ 6.333173, 50.322444 ], [ 6.327727, 50.323918 ], [ 6.318968, 50.319799 ], [ 6.31266, 50.321479 ], [ 6.307055, 50.31995 ], [ 6.308527, 50.312645 ], [ 6.308786, 50.311361 ], [ 6.296769, 50.308777 ], [ 6.29768, 50.302702 ], [ 6.286814, 50.293806 ], [ 6.286028, 50.284228 ], [ 6.29209, 50.278829 ], [ 6.278268, 50.266731 ], [ 6.276985, 50.266134 ], [ 6.271491, 50.267242 ], [ 6.26422, 50.264991 ], [ 6.257701, 50.267066 ], [ 6.246439, 50.262372 ], [ 6.235721, 50.261989 ], [ 6.227226, 50.258692 ], [ 6.223981, 50.258661 ], [ 6.22283, 50.257248 ], [ 6.215755, 50.256339 ], [ 6.206986, 50.25216 ], [ 6.200103, 50.242218 ], [ 6.197248, 50.238093 ], [ 6.178787, 50.236184 ], [ 6.173928, 50.231627 ], [ 6.176373, 50.226595 ], [ 6.16817, 50.2238 ], [ 6.166887, 50.220866 ], [ 6.177133, 50.216562 ], [ 6.187617, 50.205333 ], [ 6.184698, 50.192088 ], [ 6.189608, 50.18739 ], [ 6.187119, 50.183944 ], [ 6.192752, 50.181874 ], [ 6.184346, 50.178584 ], [ 6.164673, 50.178634 ], [ 6.161192, 50.174624 ], [ 6.157326, 50.172014 ], [ 6.1518, 50.176308 ], [ 6.14667, 50.17688 ], [ 6.146517, 50.170732 ], [ 6.140763, 50.168058 ], [ 6.146594, 50.161945 ], [ 6.146373, 50.15916 ], [ 6.142424, 50.156135 ], [ 6.13292, 50.154636 ], [ 6.140755, 50.148755 ], [ 6.148383, 50.151351 ], [ 6.152872, 50.15009 ], [ 6.153587, 50.141307 ], [ 6.148595, 50.136594 ], [ 6.139574, 50.134697 ], [ 6.138363, 50.131322 ], [ 6.137663, 50.129951 ], [ 6.133344, 50.129235 ], [ 6.121038, 50.135616 ], [ 6.112318, 50.13612 ], [ 6.115727, 50.144966 ], [ 6.123462, 50.150383 ], [ 6.115884, 50.156183 ], [ 6.119079, 50.163103 ], [ 6.104144, 50.169842 ], [ 6.090623, 50.170502 ], [ 6.080907, 50.170977 ], [ 6.078729, 50.157416 ], [ 6.064428, 50.154 ], [ 6.045673, 50.157884 ], [ 6.030557, 50.164961 ], [ 6.0249, 50.182779 ], [ 6.002163, 50.176242 ], [ 5.973001, 50.174987 ], [ 5.965035, 50.172066 ], [ 5.962644, 50.161557 ], [ 5.966567, 50.155308 ], [ 5.959303, 50.151336 ], [ 5.960671, 50.132187 ], [ 5.954156, 50.130198 ], [ 5.934154, 50.126845 ], [ 5.93071, 50.126267 ], [ 5.913777, 50.121316 ], [ 5.895269, 50.112216 ], [ 5.894632, 50.10191 ], [ 5.886613, 50.090589 ], [ 5.88673, 50.079294 ], [ 5.868096, 50.073142 ], [ 5.859939, 50.0681 ], [ 5.856644, 50.061633 ], [ 5.85742, 50.056182 ], [ 5.865328, 50.051783 ], [ 5.869229, 50.046849 ], [ 5.857275, 50.036172 ], [ 5.859123, 50.029301 ], [ 5.852732, 50.026874 ], [ 5.850139, 50.021957 ], [ 5.832963, 50.017856 ], [ 5.819579, 50.012213 ], [ 5.822796, 49.998512 ], [ 5.832431, 49.991077 ], [ 5.840233, 49.989372 ], [ 5.838439, 49.982418 ], [ 5.831974, 49.976985 ], [ 5.811387, 49.971147 ], [ 5.810069, 49.963869 ], [ 5.801483, 49.963203 ], [ 5.795005, 49.965172 ], [ 5.789012, 49.961526 ], [ 5.77704, 49.960947 ], [ 5.771535, 49.949129 ], [ 5.774102, 49.938697 ], [ 5.763863, 49.928975 ], [ 5.76335, 49.915419 ], [ 5.748186, 49.909472 ], [ 5.740653, 49.903957 ], [ 5.736842, 49.89684 ], [ 5.77704, 49.884055 ], [ 5.782788, 49.875775 ], [ 5.779795, 49.875498 ], [ 5.782431, 49.872464 ], [ 5.77704, 49.869386 ], [ 5.77446, 49.867914 ], [ 5.770134, 49.871643 ], [ 5.764283, 49.869986 ], [ 5.75518, 49.872034 ], [ 5.753573, 49.868749 ], [ 5.758969, 49.856547 ], [ 5.746319, 49.853595 ], [ 5.755537, 49.850969 ], [ 5.757976, 49.848243 ], [ 5.756348, 49.846059 ], [ 5.749659, 49.846052 ], [ 5.748631, 49.83954 ], [ 5.741812, 49.838557 ], [ 5.739997, 49.835658 ], [ 5.747955, 49.825129 ], [ 5.744255, 49.820177 ], [ 5.750407, 49.814108 ], [ 5.755378, 49.791433 ], [ 5.767902, 49.793909 ], [ 5.77704, 49.793191 ], [ 5.781138, 49.792868 ], [ 5.788057, 49.796119 ], [ 5.793448, 49.790546 ], [ 5.792918, 49.786546 ], [ 5.805793, 49.773996 ], [ 5.809631, 49.76608 ], [ 5.815384, 49.762217 ], [ 5.818208, 49.754568 ], [ 5.822754, 49.750174 ], [ 5.829573, 49.749127 ], [ 5.831383, 49.74525 ], [ 5.83114, 49.741191 ], [ 5.827482, 49.738378 ], [ 5.826179, 49.723608 ], [ 5.834937, 49.724261 ], [ 5.843788, 49.721548 ], [ 5.859311, 49.726546 ], [ 5.865394, 49.726269 ], [ 5.87521, 49.721125 ], [ 5.876005, 49.715875 ], [ 5.886319, 49.709383 ], [ 5.866999, 49.693958 ], [ 5.864446, 49.686823 ], [ 5.862422, 49.681165 ], [ 5.866064, 49.676223 ], [ 5.885992, 49.669421 ], [ 5.890221, 49.670109 ], [ 5.892458, 49.667801 ], [ 5.909675, 49.663428 ], [ 5.90356, 49.658194 ], [ 5.902513, 49.647052 ], [ 5.907129, 49.638647 ], [ 5.903164, 49.636239 ], [ 5.886838, 49.634474 ], [ 5.88347, 49.631144 ], [ 5.88646, 49.627166 ], [ 5.880083, 49.62336 ], [ 5.876137, 49.619148 ], [ 5.875173, 49.608027 ], [ 5.848779, 49.597374 ], [ 5.851249, 49.587168 ], [ 5.861514, 49.586211 ], [ 5.868504, 49.589029 ], [ 5.870985, 49.587005 ], [ 5.872226, 49.58372 ], [ 5.867603, 49.581013 ], [ 5.870842, 49.579124 ], [ 5.871564, 49.574518 ], [ 5.865349, 49.571715 ], [ 5.85982, 49.567082 ], [ 5.845319, 49.560861 ], [ 5.845473, 49.556592 ], [ 5.841396, 49.553314 ], [ 5.829151, 49.550453 ], [ 5.824894, 49.551472 ], [ 5.818117, 49.54631 ], [ 5.807443, 49.550123 ], [ 5.793435, 49.551512 ], [ 5.783978, 49.558168 ], [ 5.77704, 49.560791 ], [ 5.771255, 49.562978 ], [ 5.758997, 49.560282 ], [ 5.756299, 49.555465 ], [ 5.757128, 49.542587 ], [ 5.740038, 49.539031 ], [ 5.734556, 49.54569 ], [ 5.725217, 49.543919 ] ] ] ] } },
{ "type": "Feature", "properties": { "id": "NLC9", "cluster_id": "Chemelot", "country": "NL", "level": "IC1", "uuid": "921b756f-deb4-4c61-926a-466bfba4391c", "area_km2": 660.4005330622515, "per_km2": 912.7 }, "geometry": { "type": "MultiPolygon", "coordinates": [ [ [ [ 5.877085, 51.032101 ], [ 5.875101, 51.028383 ], [ 5.880065, 51.016959 ], [ 5.884139, 51.013903 ], [ 5.894558, 51.011286 ], [ 5.896515, 51.00456 ], [ 5.90509, 51.00116 ], [ 5.903518, 50.987839 ], [ 5.893678, 50.980099 ], [ 5.897198, 50.974845 ], [ 5.905019, 50.974814 ], [ 5.919481, 50.978101 ], [ 5.923147, 50.979594 ], [ 5.933641, 50.985262 ], [ 5.941811, 50.986238 ], [ 5.948221, 50.987003 ], [ 5.950045, 50.987221 ], [ 5.954817, 50.988363 ], [ 5.957233, 50.984987 ], [ 5.96907, 50.979812 ], [ 5.980332, 50.982602 ], [ 6.025642, 50.982919 ], [ 6.016121, 50.963606 ], [ 6.006087, 50.957568 ], [ 6.015846, 50.952517 ], [ 6.015087, 50.947785 ], [ 6.016184, 50.943022 ], [ 6.018124, 50.934593 ], [ 6.051425, 50.928755 ], [ 6.057827, 50.922034 ], [ 6.074977, 50.922369 ], [ 6.088995, 50.919308 ], [ 6.090473, 50.917799 ], [ 6.086948, 50.913135 ], [ 6.079752, 50.905488 ], [ 6.075475, 50.891773 ], [ 6.080229, 50.883433 ], [ 6.086492, 50.878733 ], [ 6.086025, 50.86885 ], [ 6.077317, 50.859909 ], [ 6.07399, 50.847614 ], [ 6.057783, 50.850993 ], [ 6.054201, 50.856624 ], [ 6.042624, 50.851769 ], [ 6.019989, 50.846132 ], [ 6.017985, 50.843796 ], [ 6.017061, 50.833073 ], [ 6.023666, 50.827819 ], [ 6.023832, 50.818276 ], [ 6.023552, 50.813542 ], [ 6.004721, 50.802023 ], [ 5.987627, 50.809613 ], [ 5.983193, 50.809629 ], [ 5.976728, 50.803536 ], [ 5.977143, 50.79679 ], [ 5.989843, 50.793084 ], [ 6.000789, 50.784856 ], [ 6.026659, 50.774279 ], [ 6.018791, 50.763184 ], [ 6.020999, 50.754295 ], [ 5.98356, 50.75309 ], [ 5.975391, 50.755419 ], [ 5.971998, 50.759749 ], [ 5.960132, 50.762024 ], [ 5.948221, 50.759435 ], [ 5.936111, 50.756802 ], [ 5.930424, 50.756366 ], [ 5.917619, 50.750964 ], [ 5.913641, 50.755315 ], [ 5.905964, 50.755288 ], [ 5.901262, 50.752076 ], [ 5.892073, 50.755237 ], [ 5.886291, 50.769484 ], [ 5.863435, 50.763342 ], [ 5.849627, 50.755369 ], [ 5.844917, 50.765385 ], [ 5.830475, 50.758879 ], [ 5.808213, 50.756372 ], [ 5.793761, 50.769335 ], [ 5.784418, 50.768286 ], [ 5.77704, 50.780936 ], [ 5.770756, 50.782695 ], [ 5.763358, 50.780795 ], [ 5.74604, 50.769308 ], [ 5.737277, 50.757787 ], [ 5.72997, 50.75814 ], [ 5.719764, 50.762765 ], [ 5.697085, 50.755734 ], [ 5.682001, 50.757446 ], [ 5.700727, 50.781464 ], [ 5.69155, 50.796033 ], [ 5.698369, 50.804445 ], [ 5.696411, 50.808547 ], [ 5.693064, 50.811488 ], [ 5.687622, 50.811924 ], [ 5.680473, 50.812961 ], [ 5.677265, 50.816089 ], [ 5.655416, 50.819757 ], [ 5.655255, 50.82457 ], [ 5.650227, 50.827847 ], [ 5.650486, 50.831973 ], [ 5.64802, 50.834333 ], [ 5.645125, 50.837105 ], [ 5.639813, 50.847808 ], [ 5.646647, 50.872125 ], [ 5.667609, 50.880492 ], [ 5.678667, 50.881717 ], [ 5.68224, 50.887448 ], [ 5.694282, 50.896731 ], [ 5.699535, 50.909563 ], [ 5.707058, 50.911141 ], [ 5.71538, 50.908509 ], [ 5.723733, 50.910526 ], [ 5.728414, 50.925348 ], [ 5.740537, 50.935525 ], [ 5.745539, 50.943509 ], [ 5.747557, 50.947159 ], [ 5.757758, 50.951627 ], [ 5.754749, 50.957886 ], [ 5.745795, 50.960914 ], [ 5.734794, 50.95616 ], [ 5.727942, 50.955518 ], [ 5.722187, 50.957793 ], [ 5.720869, 50.961996 ], [ 5.73732, 50.978177 ], [ 5.748828, 50.982356 ], [ 5.76531, 50.997401 ], [ 5.766126, 51.008715 ], [ 5.773412, 51.018817 ], [ 5.775775, 51.022126 ], [ 5.774452, 51.025594 ], [ 5.760561, 51.030763 ], [ 5.758719, 51.033198 ], [ 5.770744, 51.050112 ], [ 5.772365, 51.060795 ], [ 5.77704, 51.062197 ], [ 5.790132, 51.059407 ], [ 5.798274, 51.059853 ], [ 5.803205, 51.058045 ], [ 5.808442, 51.059126 ], [ 5.818842, 51.071577 ], [ 5.822717, 51.072487 ], [ 5.827807, 51.048243 ], [ 5.84865, 51.04564 ], [ 5.852219, 51.039169 ], [ 5.84997, 51.03517 ], [ 5.85407, 51.029347 ], [ 5.877085, 51.032101 ] ] ] ] } },
{ "type": "Feature", "properties": { "id": "NLC3", "cluster_id": "East-Netherlands", "country": "NL", "level": "IC1", "uuid": "1e8aec33-f7ca-445c-9b3b-e147598e2b70", "area_km2": 10969.215623960441, "per_km2": 372.47777646370417 }, "geometry": { "type": "MultiPolygon", "coordinates": [ [ [ [ 6.156368, 51.904934 ], [ 6.126709, 51.898798 ], [ 6.118018, 51.901142 ], [ 6.103342, 51.892617 ], [ 6.116564, 51.891998 ], [ 6.136888, 51.885311 ], [ 6.145606, 51.869311 ], [ 6.165353, 51.861395 ], [ 6.163873, 51.8543 ], [ 6.166408, 51.840834 ], [ 6.141735, 51.846284 ], [ 6.0969, 51.850094 ], [ 6.090623, 51.852969 ], [ 6.063383, 51.865444 ], [ 6.059155, 51.85811 ], [ 6.052828, 51.856306 ], [ 6.054063, 51.852292 ], [ 6.03677, 51.844071 ], [ 6.032818, 51.842909 ], [ 6.026803, 51.844253 ], [ 6.018184, 51.841069 ], [ 6.010104, 51.835207 ], [ 5.993078, 51.830874 ], [ 5.984844, 51.831017 ], [ 5.962826, 51.836167 ], [ 5.948221, 51.825809 ], [ 5.946378, 51.824502 ], [ 5.948221, 51.823211 ], [ 5.956664, 51.817299 ], [ 5.953314, 51.815318 ], [ 5.948221, 51.815653 ], [ 5.948221, 51.811992 ], [ 5.9629, 51.806852 ], [ 5.97748, 51.797836 ], [ 5.973518, 51.787691 ], [ 5.975242, 51.78577 ], [ 5.987202, 51.782701 ], [ 5.983539, 51.774285 ], [ 5.990945, 51.768592 ], [ 5.987524, 51.764654 ], [ 5.955425, 51.751009 ], [ 5.953192, 51.747846 ], [ 5.950454, 51.744001 ], [ 5.948221, 51.743539 ], [ 5.938288, 51.741482 ], [ 5.931257, 51.743432 ], [ 5.931883, 51.748257 ], [ 5.915166, 51.752928 ], [ 5.911593, 51.761628 ], [ 5.893651, 51.777633 ], [ 5.885452, 51.778187 ], [ 5.868613, 51.775226 ], [ 5.868815, 51.762834 ], [ 5.865159, 51.757408 ], [ 5.861836, 51.758205 ], [ 5.856124, 51.759041 ], [ 5.848531, 51.759304 ], [ 5.811144, 51.756687 ], [ 5.798987, 51.75518 ], [ 5.790482, 51.753517 ], [ 5.78247, 51.752399 ], [ 5.77704, 51.752219 ], [ 5.773379, 51.752098 ], [ 5.767787, 51.752464 ], [ 5.762106, 51.753254 ], [ 5.754086, 51.755226 ], [ 5.74929, 51.75692 ], [ 5.745142, 51.759193 ], [ 5.740037, 51.763908 ], [ 5.734453, 51.770122 ], [ 5.732328, 51.77169 ], [ 5.729744, 51.772892 ], [ 5.726567, 51.77391 ], [ 5.721884, 51.774803 ], [ 5.711124, 51.775001 ], [ 5.706339, 51.776119 ], [ 5.703107, 51.77766 ], [ 5.700759, 51.779491 ], [ 5.697442, 51.784294 ], [ 5.695227, 51.786655 ], [ 5.69279, 51.788353 ], [ 5.689901, 51.789783 ], [ 5.686916, 51.790889 ], [ 5.682385, 51.791839 ], [ 5.668945, 51.792824 ], [ 5.664824, 51.793922 ], [ 5.660026, 51.796348 ], [ 5.655615, 51.799568 ], [ 5.652334, 51.802871 ], [ 5.649863, 51.806251 ], [ 5.64802, 51.809888 ], [ 5.64562, 51.814625 ], [ 5.644062, 51.816211 ], [ 5.64184, 51.817623 ], [ 5.638467, 51.818912 ], [ 5.634582, 51.819565 ], [ 5.630567, 51.819645 ], [ 5.623545, 51.819141 ], [ 5.618844, 51.819759 ], [ 5.606476, 51.825237 ], [ 5.59788, 51.828083 ], [ 5.592602, 51.829303 ], [ 5.588166, 51.829712 ], [ 5.584782, 51.829498 ], [ 5.574589, 51.82793 ], [ 5.560424, 51.827812 ], [ 5.557392, 51.827396 ], [ 5.554501, 51.826435 ], [ 5.552194, 51.825004 ], [ 5.550999, 51.823749 ], [ 5.548723, 51.819942 ], [ 5.546046, 51.817837 ], [ 5.541559, 51.816368 ], [ 5.538602, 51.816219 ], [ 5.535581, 51.816635 ], [ 5.528616, 51.818351 ], [ 5.520087, 51.818786 ], [ 5.516972, 51.819454 ], [ 5.514147, 51.820713 ], [ 5.508322, 51.825947 ], [ 5.50558, 51.827698 ], [ 5.50017, 51.82978 ], [ 5.495459, 51.830646 ], [ 5.490134, 51.83049 ], [ 5.484675, 51.828979 ], [ 5.482902, 51.82793 ], [ 5.480158, 51.825092 ], [ 5.477659, 51.818359 ], [ 5.476756, 51.816887 ], [ 5.474326, 51.814678 ], [ 5.469703, 51.812389 ], [ 5.464474, 51.811111 ], [ 5.460865, 51.810589 ], [ 5.454212, 51.809929 ], [ 5.445602, 51.809562 ], [ 5.439489, 51.809711 ], [ 5.43284, 51.810516 ], [ 5.429496, 51.811294 ], [ 5.424998, 51.812958 ], [ 5.421152, 51.815624 ], [ 5.416804, 51.820003 ], [ 5.414847, 51.821289 ], [ 5.412001, 51.822288 ], [ 5.408092, 51.822593 ], [ 5.404733, 51.822124 ], [ 5.40162, 51.820724 ], [ 5.395726, 51.813961 ], [ 5.383608, 51.804642 ], [ 5.377308, 51.797798 ], [ 5.369645, 51.790485 ], [ 5.364938, 51.784145 ], [ 5.362047, 51.778137 ], [ 5.360642, 51.772232 ], [ 5.360749, 51.762779 ], [ 5.360305, 51.761165 ], [ 5.357452, 51.75782 ], [ 5.353579, 51.755501 ], [ 5.349557, 51.754131 ], [ 5.334918, 51.750389 ], [ 5.323323, 51.746891 ], [ 5.316569, 51.744365 ], [ 5.304811, 51.738918 ], [ 5.300759, 51.737465 ], [ 5.297151, 51.736831 ], [ 5.29243, 51.737182 ], [ 5.283293, 51.739799 ], [ 5.279135, 51.740143 ], [ 5.27257, 51.740059 ], [ 5.265634, 51.739177 ], [ 5.262347, 51.738025 ], [ 5.255719, 51.734928 ], [ 5.251446, 51.733864 ], [ 5.248213, 51.733696 ], [ 5.245037, 51.734268 ], [ 5.242841, 51.735176 ], [ 5.238691, 51.737682 ], [ 5.230731, 51.74139 ], [ 5.224127, 51.743137 ], [ 5.220693, 51.74353 ], [ 5.215535, 51.743347 ], [ 5.211501, 51.742752 ], [ 5.206699, 51.741493 ], [ 5.201624, 51.740661 ], [ 5.195342, 51.740234 ], [ 5.192688, 51.740482 ], [ 5.185596, 51.741863 ], [ 5.175954, 51.743 ], [ 5.165557, 51.742878 ], [ 5.146862, 51.740642 ], [ 5.128058, 51.73761 ], [ 5.126802, 51.744716 ], [ 5.142028, 51.754449 ], [ 5.136308, 51.759991 ], [ 5.138229, 51.77192 ], [ 5.117264, 51.7784 ], [ 5.098672, 51.787309 ], [ 5.090241, 51.786449 ], [ 5.082039, 51.780662 ], [ 5.074767, 51.779335 ], [ 5.066413, 51.780821 ], [ 5.049961, 51.796851 ], [ 5.021266, 51.806192 ], [ 5.017402, 51.80745 ], [ 5.008807, 51.817415 ], [ 5.000534, 51.820938 ], [ 5.012532, 51.820598 ], [ 5.021266, 51.819449 ], [ 5.026678, 51.818737 ], [ 5.030799, 51.840479 ], [ 5.021266, 51.841715 ], [ 5.000592, 51.844396 ], [ 4.99857, 51.851829 ], [ 4.995473, 51.861043 ], [ 5.006308, 51.858149 ], [ 5.021266, 51.858449 ], [ 5.0269, 51.858562 ], [ 5.060344, 51.85896 ], [ 5.062273, 51.861351 ], [ 5.053317, 51.865697 ], [ 5.052218, 51.86977 ], [ 5.056552, 51.873397 ], [ 5.066413, 51.874193 ], [ 5.080916, 51.876274 ], [ 5.090526, 51.888233 ], [ 5.114227, 51.889168 ], [ 5.117934, 51.898029 ], [ 5.131374, 51.913555 ], [ 5.135964, 51.915374 ], [ 5.142491, 51.924972 ], [ 5.148824, 51.930659 ], [ 5.147856, 51.932213 ], [ 5.149456, 51.933452 ], [ 5.179851, 51.967605 ], [ 5.194499, 51.96123 ], [ 5.202481, 51.95968 ], [ 5.207482, 51.959526 ], [ 5.213164, 51.960576 ], [ 5.219071, 51.963543 ], [ 5.223686, 51.967667 ], [ 5.230173, 51.975716 ], [ 5.235837, 51.978538 ], [ 5.241263, 51.978944 ], [ 5.244561, 51.978202 ], [ 5.256388, 51.970875 ], [ 5.261242, 51.968498 ], [ 5.27002, 51.965538 ], [ 5.273372, 51.964622 ], [ 5.28349, 51.963066 ], [ 5.296057, 51.96225 ], [ 5.299935, 51.961719 ], [ 5.303316, 51.960819 ], [ 5.314933, 51.955642 ], [ 5.317336, 51.955093 ], [ 5.321614, 51.954948 ], [ 5.329898, 51.95626 ], [ 5.335934, 51.958328 ], [ 5.338216, 51.959789 ], [ 5.348286, 51.967888 ], [ 5.354611, 51.970119 ], [ 5.359763, 51.970889 ], [ 5.363619, 51.970974 ], [ 5.37427, 51.969387 ], [ 5.381975, 51.969196 ], [ 5.387289, 51.969887 ], [ 5.390958, 51.970749 ], [ 5.39949, 51.973224 ], [ 5.414152, 51.97559 ], [ 5.418309, 51.976703 ], [ 5.424123, 51.979145 ], [ 5.430965, 51.983501 ], [ 5.434295, 51.984642 ], [ 5.437234, 51.985214 ], [ 5.444338, 51.985508 ], [ 5.454442, 51.983352 ], [ 5.461771, 51.983368 ], [ 5.470753, 51.982857 ], [ 5.477737, 51.983439 ], [ 5.487428, 51.983385 ], [ 5.512211, 51.973206 ], [ 5.538817, 51.967745 ], [ 5.550217, 51.958936 ], [ 5.559681, 51.955153 ], [ 5.586778, 51.950699 ], [ 5.592587, 51.949161 ], [ 5.601047, 51.945057 ], [ 5.606012, 51.943248 ], [ 5.615135, 51.948505 ], [ 5.619915, 51.948896 ], [ 5.627089, 51.954366 ], [ 5.621091, 51.966117 ], [ 5.625495, 51.973868 ], [ 5.615818, 51.981983 ], [ 5.612687, 51.991171 ], [ 5.605808, 51.994159 ], [ 5.592192, 52.00157 ], [ 5.589528, 52.009403 ], [ 5.58637, 52.012625 ], [ 5.589891, 52.017771 ], [ 5.587302, 52.022332 ], [ 5.589317, 52.034159 ], [ 5.568652, 52.040444 ], [ 5.569651, 52.047834 ], [ 5.558061, 52.048847 ], [ 5.56249, 52.078186 ], [ 5.551766, 52.096556 ], [ 5.553722, 52.100434 ], [ 5.550347, 52.105438 ], [ 5.54524, 52.104499 ], [ 5.546363, 52.102459 ], [ 5.544016, 52.101944 ], [ 5.541513, 52.103733 ], [ 5.531503, 52.102257 ], [ 5.538263, 52.097284 ], [ 5.537195, 52.089648 ], [ 5.530859, 52.089148 ], [ 5.527745, 52.085961 ], [ 5.5305, 52.082486 ], [ 5.523051, 52.078299 ], [ 5.510861, 52.078797 ], [ 5.503781, 52.073725 ], [ 5.496476, 52.071552 ], [ 5.483074, 52.070166 ], [ 5.468604, 52.075119 ], [ 5.459866, 52.080866 ], [ 5.473139, 52.089359 ], [ 5.484965, 52.093758 ], [ 5.484816, 52.105356 ], [ 5.493786, 52.111037 ], [ 5.493557, 52.113178 ], [ 5.491233, 52.114528 ], [ 5.486386, 52.115337 ], [ 5.497509, 52.115892 ], [ 5.506923, 52.11423 ], [ 5.504319, 52.119375 ], [ 5.497388, 52.12001 ], [ 5.495366, 52.123995 ], [ 5.498464, 52.129655 ], [ 5.511073, 52.132161 ], [ 5.513462, 52.135413 ], [ 5.498435, 52.141276 ], [ 5.497864, 52.147106 ], [ 5.481513, 52.150539 ], [ 5.483854, 52.157459 ], [ 5.473287, 52.162865 ], [ 5.479896, 52.165809 ], [ 5.44956, 52.167627 ], [ 5.442207, 52.169678 ], [ 5.439437, 52.18127 ], [ 5.438494, 52.185213 ], [ 5.440076, 52.204272 ], [ 5.411286, 52.21773 ], [ 5.406415, 52.214268 ], [ 5.395558, 52.219341 ], [ 5.393278, 52.220676 ], [ 5.394796, 52.224548 ], [ 5.404633, 52.24963 ], [ 5.339565, 52.287731 ], [ 5.335462, 52.290218 ], [ 5.315179, 52.302395 ], [ 5.305455, 52.307632 ], [ 5.30108, 52.309669 ], [ 5.287397, 52.315056 ], [ 5.281141, 52.316772 ], [ 5.229321, 52.325257 ], [ 5.22459, 52.325763 ], [ 5.150841, 52.318656 ], [ 5.148879, 52.318729 ], [ 5.146144, 52.319671 ], [ 5.137311, 52.326577 ], [ 5.135082, 52.328319 ], [ 5.079288, 52.370407 ], [ 5.079161, 52.388653 ], [ 5.13733, 52.415554 ], [ 5.150841, 52.41558 ], [ 5.184658, 52.41644 ], [ 5.150841, 52.466508 ], [ 5.112987, 52.497886 ], [ 5.10072, 52.508041 ], [ 5.080071, 52.544403 ], [ 5.060427, 52.578937 ], [ 5.074623, 52.583679 ], [ 5.135306, 52.603939 ], [ 5.150841, 52.609107 ], [ 5.257186, 52.64447 ], [ 5.262266, 52.67683 ], [ 5.268962, 52.680267 ], [ 5.28848, 52.691512 ], [ 5.298071, 52.692662 ], [ 5.361148, 52.675728 ], [ 5.377262, 52.764805 ], [ 5.516903, 52.7859 ], [ 5.631353, 52.803055 ], [ 5.635473, 52.807069 ], [ 5.64802, 52.818931 ], [ 5.660803, 52.831011 ], [ 5.707391, 52.835013 ], [ 5.713061, 52.837549 ], [ 5.727868, 52.834825 ], [ 5.726278, 52.843651 ], [ 5.750123, 52.838832 ], [ 5.77704, 52.821905 ], [ 5.783678, 52.817729 ], [ 5.789703, 52.804546 ], [ 5.795149, 52.806499 ], [ 5.809738, 52.813713 ], [ 5.817441, 52.816776 ], [ 5.819827, 52.817317 ], [ 5.823895, 52.813921 ], [ 5.833625, 52.811377 ], [ 5.837257, 52.80646 ], [ 5.85704, 52.806497 ], [ 5.878031, 52.801098 ], [ 5.896466, 52.807399 ], [ 5.90115, 52.811709 ], [ 5.910592, 52.815135 ], [ 5.923268, 52.823662 ], [ 5.923627, 52.83052 ], [ 5.928931, 52.831902 ], [ 5.928726, 52.834265 ], [ 5.945856, 52.837045 ], [ 5.948221, 52.836271 ], [ 5.955205, 52.833986 ], [ 5.958497, 52.839451 ], [ 5.969861, 52.842172 ], [ 5.986095, 52.822705 ], [ 5.996206, 52.817288 ], [ 6.02301, 52.82231 ], [ 6.032214, 52.815636 ], [ 6.058761, 52.826157 ], [ 6.054127, 52.837411 ], [ 6.063442, 52.839309 ], [ 6.080509, 52.838998 ], [ 6.090623, 52.842928 ], [ 6.119814, 52.854267 ], [ 6.152195, 52.827385 ], [ 6.178004, 52.813067 ], [ 6.200545, 52.794442 ], [ 6.193416, 52.786418 ], [ 6.172879, 52.773063 ], [ 6.167855, 52.767271 ], [ 6.155049, 52.762399 ], [ 6.128375, 52.757349 ], [ 6.120559, 52.751547 ], [ 6.15542, 52.694171 ], [ 6.158892, 52.692104 ], [ 6.16891, 52.686737 ], [ 6.164356, 52.679677 ], [ 6.178322, 52.676003 ], [ 6.182455, 52.675784 ], [ 6.182718, 52.681905 ], [ 6.185943, 52.681797 ], [ 6.193004, 52.676987 ], [ 6.201232, 52.684093 ], [ 6.216301, 52.68606 ], [ 6.231822, 52.681158 ], [ 6.235912, 52.678169 ], [ 6.244755, 52.677893 ], [ 6.251546, 52.670429 ], [ 6.261747, 52.670049 ], [ 6.265509, 52.667988 ], [ 6.27152, 52.665094 ], [ 6.280265, 52.668566 ], [ 6.288061, 52.66382 ], [ 6.29394, 52.662622 ], [ 6.298284, 52.665927 ], [ 6.323078, 52.670135 ], [ 6.328382, 52.666359 ], [ 6.326025, 52.661658 ], [ 6.327775, 52.658706 ], [ 6.3341, 52.65519 ], [ 6.340318, 52.65446 ], [ 6.346114, 52.649935 ], [ 6.363026, 52.643626 ], [ 6.363808, 52.639073 ], [ 6.374108, 52.628649 ], [ 6.377177, 52.617005 ], [ 6.385336, 52.612792 ], [ 6.394943, 52.61719 ], [ 6.404525, 52.617 ], [ 6.408424, 52.621126 ], [ 6.418185, 52.619393 ], [ 6.430093, 52.628067 ], [ 6.436343, 52.618482 ], [ 6.445358, 52.615308 ], [ 6.453189, 52.614559 ], [ 6.458917, 52.615907 ], [ 6.464218, 52.623485 ], [ 6.469304, 52.62467 ], [ 6.479237, 52.618811 ], [ 6.491199, 52.619031 ], [ 6.517028, 52.614175 ], [ 6.514189, 52.645561 ], [ 6.529387, 52.65456 ], [ 6.54182, 52.661094 ], [ 6.546162, 52.663376 ], [ 6.552768, 52.665661 ], [ 6.614586, 52.67411 ], [ 6.62943, 52.669658 ], [ 6.681086, 52.654546 ], [ 6.707193, 52.648817 ], [ 6.702607, 52.641927 ], [ 6.705855, 52.639277 ], [ 6.701257, 52.62883 ], [ 6.703501, 52.627425 ], [ 6.709733, 52.627823 ], [ 6.722804, 52.620139 ], [ 6.726555, 52.61535 ], [ 6.719688, 52.588439 ], [ 6.764619, 52.564569 ], [ 6.766622, 52.561512 ], [ 6.752331, 52.559337 ], [ 6.726916, 52.562744 ], [ 6.71483, 52.548949 ], [ 6.681813, 52.552816 ], [ 6.704685, 52.521382 ], [ 6.702633, 52.509327 ], [ 6.69942, 52.494836 ], [ 6.697866, 52.486286 ], [ 6.710659, 52.48108 ], [ 6.717815, 52.478203 ], [ 6.720505, 52.477121 ], [ 6.72387, 52.476912 ], [ 6.735525, 52.471871 ], [ 6.744805, 52.467833 ], [ 6.753895, 52.463734 ], [ 6.774978, 52.459717 ], [ 6.854308, 52.459598 ], [ 6.853826, 52.450359 ], [ 6.864406, 52.450938 ], [ 6.932469, 52.43729 ], [ 6.93827, 52.436127 ], [ 6.947164, 52.436615 ], [ 6.963031, 52.444776 ], [ 6.977563, 52.465476 ], [ 6.988872, 52.468724 ], [ 6.993435, 52.465571 ], [ 6.998652, 52.45606 ], [ 7.011304, 52.429156 ], [ 7.022354, 52.422133 ], [ 7.035463, 52.403427 ], [ 7.050238, 52.400841 ], [ 7.05829, 52.399058 ], [ 7.072438, 52.373116 ], [ 7.071801, 52.352355 ], [ 7.057208, 52.338618 ], [ 7.050238, 52.326977 ], [ 7.046618, 52.315545 ], [ 7.040032, 52.312444 ], [ 7.026515, 52.28834 ], [ 7.028661, 52.27431 ], [ 7.042693, 52.256398 ], [ 7.050238, 52.251231 ], [ 7.065685, 52.241373 ], [ 7.060492, 52.23488 ], [ 7.050238, 52.231282 ], [ 7.026896, 52.225936 ], [ 7.017769, 52.225544 ], [ 7.004754, 52.228248 ], [ 6.990314, 52.226717 ], [ 6.987028, 52.224548 ], [ 6.981131, 52.220656 ], [ 6.973297, 52.204502 ], [ 6.960696, 52.189907 ], [ 6.948932, 52.180444 ], [ 6.932469, 52.178753 ], [ 6.909758, 52.176419 ], [ 6.904217, 52.16925 ], [ 6.889594, 52.161143 ], [ 6.88134, 52.156334 ], [ 6.87261, 52.130746 ], [ 6.866976, 52.127956 ], [ 6.855731, 52.120888 ], [ 6.846644, 52.11944 ], [ 6.760465, 52.118569 ], [ 6.756912, 52.098532 ], [ 6.754496, 52.095866 ], [ 6.745146, 52.09276 ], [ 6.750523, 52.086579 ], [ 6.749411, 52.083642 ], [ 6.734799, 52.074792 ], [ 6.696205, 52.0701 ], [ 6.695922, 52.065754 ], [ 6.686948, 52.054973 ], [ 6.687805, 52.044441 ], [ 6.687779, 52.042919 ], [ 6.687726, 52.039899 ], [ 6.715169, 52.039611 ], [ 6.751333, 52.028992 ], [ 6.766593, 52.019181 ], [ 6.773863, 52.017168 ], [ 6.80936, 51.999132 ], [ 6.809088, 51.995129 ], [ 6.826574, 51.993532 ], [ 6.83226, 51.973214 ], [ 6.830016, 51.966491 ], [ 6.827637, 51.964344 ], [ 6.814967, 51.963489 ], [ 6.799131, 51.958425 ], [ 6.794944, 51.937341 ], [ 6.786669, 51.930659 ], [ 6.787012, 51.928355 ], [ 6.77092, 51.917004 ], [ 6.754105, 51.912379 ], [ 6.751579, 51.907819 ], [ 6.743793, 51.905343 ], [ 6.73721, 51.904132 ], [ 6.731117, 51.898544 ], [ 6.72106, 51.896489 ], [ 6.704742, 51.905688 ], [ 6.702947, 51.908856 ], [ 6.69807, 51.909979 ], [ 6.695182, 51.914993 ], [ 6.68259, 51.917205 ], [ 6.668672, 51.913828 ], [ 6.6388, 51.90456 ], [ 6.633118, 51.901201 ], [ 6.623158, 51.901329 ], [ 6.585081, 51.893655 ], [ 6.559154, 51.882431 ], [ 6.555171, 51.882716 ], [ 6.551754, 51.886022 ], [ 6.548515, 51.884073 ], [ 6.543931, 51.884298 ], [ 6.54182, 51.88312 ], [ 6.527266, 51.874994 ], [ 6.516011, 51.873141 ], [ 6.502202, 51.867873 ], [ 6.498786, 51.861681 ], [ 6.476895, 51.856445 ], [ 6.472576, 51.853808 ], [ 6.464305, 51.855177 ], [ 6.450515, 51.864934 ], [ 6.43231, 51.85997 ], [ 6.426734, 51.865737 ], [ 6.412144, 51.870289 ], [ 6.399159, 51.870035 ], [ 6.391804, 51.873098 ], [ 6.387624, 51.863051 ], [ 6.408373, 51.852919 ], [ 6.402916, 51.843736 ], [ 6.407125, 51.837569 ], [ 6.403554, 51.835778 ], [ 6.40778, 51.828092 ], [ 6.401789, 51.827763 ], [ 6.389543, 51.833272 ], [ 6.365701, 51.834389 ], [ 6.3592, 51.845991 ], [ 6.347728, 51.850279 ], [ 6.323447, 51.851471 ], [ 6.306965, 51.849734 ], [ 6.298936, 51.867895 ], [ 6.273588, 51.874371 ], [ 6.260985, 51.868409 ], [ 6.234191, 51.869906 ], [ 6.213255, 51.868415 ], [ 6.197225, 51.874086 ], [ 6.186676, 51.880608 ], [ 6.18283, 51.885488 ], [ 6.190124, 51.887446 ], [ 6.190204, 51.891362 ], [ 6.167766, 51.900804 ], [ 6.164949, 51.899653 ], [ 6.156368, 51.904934 ] ] ] ] } },
{ "type": "Feature", "properties": { "id": "NLC1", "cluster_id": "Eemshaven-Delfzijl", "country": "NL", "level": "IC1", "uuid": "2ae711d8-c5ec-404d-9f5f-182f5fb96794", "area_km2": 4388.8767218874473, "per_km2": 219.71232052739799 }, "geometry": { "type": "MultiPolygon", "coordinates": [ [ [ [ 7.067942, 52.768139 ], [ 7.066831, 52.754623 ], [ 7.054921, 52.643612 ], [ 7.050238, 52.639208 ], [ 7.040483, 52.632918 ], [ 7.00623, 52.638763 ], [ 7.002062, 52.641374 ], [ 6.991785, 52.641747 ], [ 6.976963, 52.645873 ], [ 6.968312, 52.642147 ], [ 6.952471, 52.639183 ], [ 6.938047, 52.638146 ], [ 6.932469, 52.638683 ], [ 6.918982, 52.639981 ], [ 6.913241, 52.646479 ], [ 6.897021, 52.651048 ], [ 6.880512, 52.650784 ], [ 6.872114, 52.652769 ], [ 6.86183, 52.64973 ], [ 6.849621, 52.649136 ], [ 6.836299, 52.651765 ], [ 6.823244, 52.648143 ], [ 6.816301, 52.648615 ], [ 6.803202, 52.651624 ], [ 6.785313, 52.652565 ], [ 6.774994, 52.650898 ], [ 6.767508, 52.647318 ], [ 6.759349, 52.648426 ], [ 6.74576, 52.646036 ], [ 6.726009, 52.633492 ], [ 6.709733, 52.627823 ], [ 6.703501, 52.627425 ], [ 6.701257, 52.62883 ], [ 6.705855, 52.639277 ], [ 6.702607, 52.641927 ], [ 6.707193, 52.648817 ], [ 6.681086, 52.654546 ], [ 6.62943, 52.669658 ], [ 6.632323, 52.685284 ], [ 6.629031, 52.695151 ], [ 6.629528, 52.711952 ], [ 6.596733, 52.713531 ], [ 6.596056, 52.723122 ], [ 6.577096, 52.724826 ], [ 6.587468, 52.735691 ], [ 6.558242, 52.74572 ], [ 6.565376, 52.765219 ], [ 6.54182, 52.765336 ], [ 6.539287, 52.765349 ], [ 6.534352, 52.767594 ], [ 6.513001, 52.762683 ], [ 6.50763, 52.768378 ], [ 6.491357, 52.771466 ], [ 6.495767, 52.785677 ], [ 6.491722, 52.792641 ], [ 6.455449, 52.800556 ], [ 6.460285, 52.813996 ], [ 6.478988, 52.836858 ], [ 6.46328, 52.839577 ], [ 6.460381, 52.852439 ], [ 6.449484, 52.850042 ], [ 6.431138, 52.851093 ], [ 6.429722, 52.855617 ], [ 6.433833, 52.858248 ], [ 6.431348, 52.870046 ], [ 6.42153, 52.877088 ], [ 6.41935, 52.882244 ], [ 6.382006, 52.889173 ], [ 6.373178, 52.882397 ], [ 6.372034, 52.876553 ], [ 6.369045, 52.877186 ], [ 6.36709, 52.881834 ], [ 6.372285, 52.890141 ], [ 6.360528, 52.895386 ], [ 6.366749, 52.902558 ], [ 6.384794, 52.912947 ], [ 6.383963, 52.916042 ], [ 6.369053, 52.921973 ], [ 6.393538, 52.932819 ], [ 6.427642, 52.971794 ], [ 6.424308, 52.974995 ], [ 6.413328, 52.985538 ], [ 6.362791, 53.033676 ], [ 6.363658, 53.041109 ], [ 6.364812, 53.050995 ], [ 6.367695, 53.067325 ], [ 6.340318, 53.073409 ], [ 6.332024, 53.075252 ], [ 6.305327, 53.08113 ], [ 6.315237, 53.094051 ], [ 6.296395, 53.098427 ], [ 6.290659, 53.10018 ], [ 6.275862, 53.110302 ], [ 6.262942, 53.113939 ], [ 6.236779, 53.113462 ], [ 6.205481, 53.115774 ], [ 6.185724, 53.129265 ], [ 6.175689, 53.135093 ], [ 6.176817, 53.15945 ], [ 6.178285, 53.167882 ], [ 6.192811, 53.188859 ], [ 6.199062, 53.193774 ], [ 6.200234, 53.198113 ], [ 6.20937, 53.200328 ], [ 6.219204, 53.206318 ], [ 6.229092, 53.217604 ], [ 6.229539, 53.222247 ], [ 6.224686, 53.229518 ], [ 6.214871, 53.235042 ], [ 6.223643, 53.238847 ], [ 6.219586, 53.24228 ], [ 6.231128, 53.246039 ], [ 6.230466, 53.24976 ], [ 6.234564, 53.252664 ], [ 6.232015, 53.255996 ], [ 6.232179, 53.256748 ], [ 6.237447, 53.258344 ], [ 6.245031, 53.267094 ], [ 6.254572, 53.269367 ], [ 6.251799, 53.2772 ], [ 6.254284, 53.288251 ], [ 6.260342, 53.290899 ], [ 6.269363, 53.291189 ], [ 6.277913, 53.302299 ], [ 6.293286, 53.307927 ], [ 6.291659, 53.310365 ], [ 6.280898, 53.31365 ], [ 6.286982, 53.341381 ], [ 6.254171, 53.348321 ], [ 6.234075, 53.343257 ], [ 6.220824, 53.356463 ], [ 6.186024, 53.362536 ], [ 6.175717, 53.367527 ], [ 6.171541, 53.372925 ], [ 6.169579, 53.37685 ], [ 6.167726, 53.384769 ], [ 6.167432, 53.388065 ], [ 6.167945, 53.390758 ], [ 6.191302, 53.410938 ], [ 6.199531, 53.411797 ], [ 6.201396, 53.408992 ], [ 6.208689, 53.408509 ], [ 6.21233, 53.411184 ], [ 6.217026, 53.410128 ], [ 6.251934, 53.415574 ], [ 6.263168, 53.413277 ], [ 6.295881, 53.402088 ], [ 6.303409, 53.397255 ], [ 6.308443, 53.396704 ], [ 6.336149, 53.406727 ], [ 6.340318, 53.410203 ], [ 6.34259, 53.409339 ], [ 6.366941, 53.415258 ], [ 6.383122, 53.417047 ], [ 6.426437, 53.421262 ], [ 6.449687, 53.422923 ], [ 6.489356, 53.427471 ], [ 6.510026, 53.430545 ], [ 6.537896, 53.431738 ], [ 6.54182, 53.432353 ], [ 6.545481, 53.432927 ], [ 6.601146, 53.442646 ], [ 6.658251, 53.457421 ], [ 6.694529, 53.462089 ], [ 6.752833, 53.465689 ], [ 6.795784, 53.456491 ], [ 6.81673, 53.462515 ], [ 6.832602, 53.45706 ], [ 6.830713, 53.452308 ], [ 6.823936, 53.450713 ], [ 6.829266, 53.4452 ], [ 6.842262, 53.444551 ], [ 6.840039, 53.449426 ], [ 6.847049, 53.455317 ], [ 6.864438, 53.450839 ], [ 6.880829, 53.441055 ], [ 6.882584, 53.435245 ], [ 6.875915, 53.420836 ], [ 6.874905, 53.408013 ], [ 6.887685, 53.394759 ], [ 6.890656, 53.378094 ], [ 6.900912, 53.351297 ], [ 6.932469, 53.333872 ], [ 6.936643, 53.331567 ], [ 6.932469, 53.328619 ], [ 6.932469, 53.327188 ], [ 6.997061, 53.311129 ], [ 7.009384, 53.311853 ], [ 7.015846, 53.305819 ], [ 7.042838, 53.301273 ], [ 7.072669, 53.301028 ], [ 7.089759, 53.303195 ], [ 7.084594, 53.29481 ], [ 7.079483, 53.269963 ], [ 7.082262, 53.263849 ], [ 7.092713, 53.257017 ], [ 7.104542, 53.252665 ], [ 7.132425, 53.250527 ], [ 7.146083, 53.245858 ], [ 7.162786, 53.244807 ], [ 7.17539, 53.24088 ], [ 7.201566, 53.237166 ], [ 7.206013, 53.237441 ], [ 7.208935, 53.243064 ], [ 7.211419, 53.226468 ], [ 7.216758, 53.214769 ], [ 7.217523, 53.200438 ], [ 7.216213, 53.195926 ], [ 7.208851, 53.188667 ], [ 7.225861, 53.18008 ], [ 7.203118, 53.175597 ], [ 7.191437, 53.162732 ], [ 7.189181, 53.154936 ], [ 7.189065, 53.14786 ], [ 7.179322, 53.137691 ], [ 7.180818, 53.128666 ], [ 7.184492, 53.12114 ], [ 7.202795, 53.113281 ], [ 7.201609, 53.104645 ], [ 7.200244, 53.093486 ], [ 7.199255, 53.081018 ], [ 7.20121, 53.071238 ], [ 7.204314, 53.055546 ], [ 7.206026, 53.046893 ], [ 7.207126, 53.041109 ], [ 7.212054, 53.0152 ], [ 7.212803, 53.010958 ], [ 7.216744, 53.007565 ], [ 7.209007, 52.999466 ], [ 7.200933, 52.982762 ], [ 7.18157, 52.941304 ], [ 7.152466, 52.912947 ], [ 7.134041, 52.893995 ], [ 7.132425, 52.892331 ], [ 7.129987, 52.889819 ], [ 7.119203, 52.878998 ], [ 7.115429, 52.87523 ], [ 7.112088, 52.871882 ], [ 7.107045, 52.866555 ], [ 7.104656, 52.864182 ], [ 7.087324, 52.849928 ], [ 7.088196, 52.848023 ], [ 7.092692, 52.838201 ], [ 7.072045, 52.810874 ], [ 7.069588, 52.787627 ], [ 7.067942, 52.768139 ] ] ], [ [ [ 6.599743, 53.520211 ], [ 6.596446, 53.519295 ], [ 6.589962, 53.520065 ], [ 6.58377, 53.523728 ], [ 6.585492, 53.525634 ], [ 6.588679, 53.526586 ], [ 6.593259, 53.52622 ], [ 6.596812, 53.524681 ], [ 6.595896, 53.520944 ], [ 6.599523, 53.52164 ], [ 6.599743, 53.520211 ] ] ], [ [ [ 6.510255, 53.540095 ], [ 6.52314, 53.537247 ], [ 6.528239, 53.534015 ], [ 6.527281, 53.533159 ], [ 6.513234, 53.535882 ], [ 6.502347, 53.540328 ], [ 6.492419, 53.545355 ], [ 6.487599, 53.548828 ], [ 6.483627, 53.548134 ], [ 6.476983, 53.549415 ], [ 6.476744, 53.547157 ], [ 6.484821, 53.545312 ], [ 6.487697, 53.544025 ], [ 6.488764, 53.545032 ], [ 6.495683, 53.541119 ], [ 6.502958, 53.538322 ], [ 6.510057, 53.533811 ], [ 6.509732, 53.532793 ], [ 6.505497, 53.533331 ], [ 6.502258, 53.535432 ], [ 6.501004, 53.533857 ], [ 6.49599, 53.532712 ], [ 6.486616, 53.532883 ], [ 6.483965, 53.534982 ], [ 6.49415, 53.536406 ], [ 6.496443, 53.537979 ], [ 6.491817, 53.539169 ], [ 6.480142, 53.537319 ], [ 6.47822, 53.535895 ], [ 6.479937, 53.534187 ], [ 6.484719, 53.532262 ], [ 6.483856, 53.531415 ], [ 6.486179, 53.524911 ], [ 6.48064, 53.5218 ], [ 6.479288, 53.51881 ], [ 6.475017, 53.51824 ], [ 6.47281, 53.523223 ], [ 6.467613, 53.530413 ], [ 6.465122, 53.532473 ], [ 6.458786, 53.539911 ], [ 6.459497, 53.542729 ], [ 6.462642, 53.545546 ], [ 6.470887, 53.550204 ], [ 6.48194, 53.554382 ], [ 6.487261, 53.555472 ], [ 6.492689, 53.55387 ], [ 6.499852, 53.549404 ], [ 6.506718, 53.542671 ], [ 6.510255, 53.540095 ] ] ], [ [ [ 6.619162, 53.534049 ], [ 6.617295, 53.533382 ], [ 6.614955, 53.534917 ], [ 6.604, 53.537303 ], [ 6.593117, 53.538677 ], [ 6.585922, 53.536724 ], [ 6.582524, 53.53488 ], [ 6.573811, 53.539327 ], [ 6.563796, 53.539508 ], [ 6.562711, 53.534772 ], [ 6.561121, 53.53159 ], [ 6.559313, 53.531192 ], [ 6.557657, 53.533249 ], [ 6.560501, 53.538449 ], [ 6.560989, 53.540848 ], [ 6.564545, 53.542537 ], [ 6.586587, 53.543426 ], [ 6.599297, 53.543381 ], [ 6.606229, 53.541959 ], [ 6.613251, 53.539338 ], [ 6.614584, 53.536982 ], [ 6.619162, 53.534049 ] ] ] ] } },
{ "type": "Feature", "properties": { "id": "NLC5", "cluster_id": "Noordzeekanaal-Amsterdam", "country": "NL", "level": "IC1", "uuid": "aff7b171-215d-4a33-996d-9d59653a2ad7", "area_km2": 1176.8936144465781, "per_km2": 1764.966549241112 }, "geometry": { "type": "MultiPolygon", "coordinates": [ [ [ [ 5.080071, 52.544403 ], [ 5.10072, 52.508041 ], [ 5.112987, 52.497886 ], [ 5.150841, 52.466508 ], [ 5.184658, 52.41644 ], [ 5.150841, 52.41558 ], [ 5.13733, 52.415554 ], [ 5.079161, 52.388653 ], [ 5.037661, 52.375358 ], [ 5.039059, 52.354576 ], [ 5.039519, 52.341822 ], [ 5.014538, 52.331418 ], [ 5.016104, 52.324512 ], [ 5.017666, 52.323265 ], [ 5.021538, 52.302498 ], [ 5.014443, 52.303447 ], [ 5.008343, 52.301479 ], [ 4.997416, 52.289648 ], [ 4.983213, 52.289951 ], [ 4.967672, 52.280348 ], [ 4.955408, 52.278316 ], [ 4.933282, 52.280556 ], [ 4.927291, 52.279644 ], [ 4.928613, 52.268795 ], [ 4.922782, 52.262928 ], [ 4.910504, 52.253043 ], [ 4.898151, 52.251468 ], [ 4.881758, 52.253208 ], [ 4.874161, 52.25136 ], [ 4.870071, 52.253307 ], [ 4.857262, 52.247085 ], [ 4.852119, 52.241962 ], [ 4.850236, 52.239314 ], [ 4.828997, 52.230673 ], [ 4.812773, 52.227168 ], [ 4.794524, 52.226726 ], [ 4.779626, 52.228196 ], [ 4.77322, 52.224548 ], [ 4.762661, 52.218535 ], [ 4.743416, 52.214154 ], [ 4.734974, 52.207399 ], [ 4.728766, 52.209819 ], [ 4.723764, 52.216573 ], [ 4.7232, 52.224548 ], [ 4.722661, 52.232172 ], [ 4.702793, 52.233439 ], [ 4.686466, 52.227087 ], [ 4.678013, 52.226361 ], [ 4.670348, 52.230755 ], [ 4.664794, 52.227436 ], [ 4.658608, 52.226108 ], [ 4.654972, 52.224548 ], [ 4.647292, 52.221252 ], [ 4.644317, 52.220512 ], [ 4.632223, 52.21608 ], [ 4.618069, 52.214443 ], [ 4.602581, 52.214638 ], [ 4.583554, 52.218906 ], [ 4.581387, 52.218781 ], [ 4.573896, 52.21727 ], [ 4.570877, 52.216995 ], [ 4.55799, 52.218887 ], [ 4.553828, 52.222324 ], [ 4.551846, 52.224548 ], [ 4.550846, 52.22567 ], [ 4.550627, 52.227005 ], [ 4.55418, 52.231346 ], [ 4.556487, 52.232158 ], [ 4.561023, 52.233082 ], [ 4.56284, 52.23444 ], [ 4.567236, 52.247711 ], [ 4.56968, 52.259926 ], [ 4.567873, 52.26786 ], [ 4.568746, 52.268863 ], [ 4.572662, 52.271152 ], [ 4.588421, 52.28046 ], [ 4.591074, 52.285705 ], [ 4.595888, 52.291107 ], [ 4.597224, 52.296303 ], [ 4.604433, 52.305938 ], [ 4.611221, 52.311748 ], [ 4.611684, 52.313587 ], [ 4.611387, 52.322204 ], [ 4.611385, 52.324417 ], [ 4.612146, 52.326457 ], [ 4.616562, 52.33144 ], [ 4.618548, 52.333057 ], [ 4.63005, 52.337425 ], [ 4.639818, 52.338909 ], [ 4.646272, 52.339828 ], [ 4.649849, 52.340729 ], [ 4.673058, 52.350853 ], [ 4.675015, 52.352192 ], [ 4.676501, 52.35448 ], [ 4.676502, 52.355903 ], [ 4.671613, 52.369606 ], [ 4.671405, 52.371223 ], [ 4.671863, 52.372967 ], [ 4.672952, 52.374458 ], [ 4.675288, 52.376198 ], [ 4.677701, 52.377243 ], [ 4.730741, 52.386266 ], [ 4.747714, 52.382977 ], [ 4.756757, 52.377861 ], [ 4.759235, 52.379398 ], [ 4.757803, 52.396812 ], [ 4.728729, 52.400688 ], [ 4.739189, 52.431221 ], [ 4.722984, 52.433334 ], [ 4.70034, 52.424486 ], [ 4.68243, 52.413311 ], [ 4.68086, 52.418931 ], [ 4.67476, 52.419216 ], [ 4.666728, 52.424886 ], [ 4.651915, 52.428105 ], [ 4.636893, 52.411935 ], [ 4.631682, 52.41167 ], [ 4.628339, 52.412974 ], [ 4.622611, 52.424453 ], [ 4.587052, 52.434411 ], [ 4.560597, 52.437426 ], [ 4.560963, 52.445793 ], [ 4.555227, 52.460111 ], [ 4.567147, 52.45892 ], [ 4.572929, 52.462061 ], [ 4.588468, 52.464041 ], [ 4.59743, 52.468465 ], [ 4.598445, 52.472453 ], [ 4.595707, 52.473217 ], [ 4.568133, 52.469563 ], [ 4.581895, 52.48919 ], [ 4.583914, 52.49227 ], [ 4.58702, 52.499065 ], [ 4.590049, 52.50569 ], [ 4.596472, 52.523881 ], [ 4.598908, 52.531808 ], [ 4.60128, 52.539522 ], [ 4.60624, 52.557237 ], [ 4.608762, 52.566399 ], [ 4.609677, 52.573401 ], [ 4.653153, 52.582616 ], [ 4.672591, 52.590904 ], [ 4.672688, 52.587072 ], [ 4.692997, 52.579753 ], [ 4.700198, 52.581662 ], [ 4.737796, 52.579155 ], [ 4.744497, 52.589398 ], [ 4.750466, 52.58964 ], [ 4.752209, 52.591877 ], [ 4.755588, 52.59029 ], [ 4.745415, 52.567214 ], [ 4.752923, 52.562891 ], [ 4.780537, 52.557071 ], [ 4.777724, 52.533916 ], [ 4.777876, 52.531807 ], [ 4.782528, 52.519535 ], [ 4.789845, 52.519222 ], [ 4.811861, 52.529943 ], [ 4.822343, 52.53263 ], [ 4.817812, 52.536416 ], [ 4.82452, 52.541941 ], [ 4.833983, 52.538857 ], [ 4.85948, 52.560512 ], [ 4.866444, 52.574158 ], [ 4.877821, 52.578947 ], [ 4.884834, 52.584784 ], [ 4.894264, 52.59835 ], [ 4.913116, 52.607721 ], [ 4.922782, 52.607952 ], [ 4.926488, 52.607052 ], [ 4.932945, 52.605942 ], [ 4.948347, 52.613253 ], [ 4.952745, 52.613132 ], [ 4.958844, 52.604932 ], [ 4.949806, 52.599006 ], [ 4.949831, 52.595279 ], [ 5.003867, 52.597886 ], [ 5.007682, 52.610291 ], [ 5.027034, 52.612613 ], [ 5.060427, 52.578937 ], [ 5.080071, 52.544403 ] ] ] ] } },
{ "type": "Feature", "properties": { "id": "NLC2", "cluster_id": "North-Netherlands", "country": "NL", "level": "IC1", "uuid": "3b2fd994-ae33-4967-afd3-8feed4d47ca9", "area_km2": 6512.2775622890349, "per_km2": 256.12429779296218 }, "geometry": { "type": "MultiPolygon", "coordinates": [ [ [ [ 4.894264, 52.59835 ], [ 4.884834, 52.584784 ], [ 4.877821, 52.578947 ], [ 4.866444, 52.574158 ], [ 4.85948, 52.560512 ], [ 4.833983, 52.538857 ], [ 4.82452, 52.541941 ], [ 4.817812, 52.536416 ], [ 4.822343, 52.53263 ], [ 4.811861, 52.529943 ], [ 4.789845, 52.519222 ], [ 4.782528, 52.519535 ], [ 4.777876, 52.531807 ], [ 4.777724, 52.533916 ], [ 4.780537, 52.557071 ], [ 4.752923, 52.562891 ], [ 4.745415, 52.567214 ], [ 4.755588, 52.59029 ], [ 4.752209, 52.591877 ], [ 4.750466, 52.58964 ], [ 4.744497, 52.589398 ], [ 4.737796, 52.579155 ], [ 4.700198, 52.581662 ], [ 4.692997, 52.579753 ], [ 4.672688, 52.587072 ], [ 4.672591, 52.590904 ], [ 4.653153, 52.582616 ], [ 4.609677, 52.573401 ], [ 4.626969, 52.661885 ], [ 4.633333, 52.682136 ], [ 4.638279, 52.68386 ], [ 4.63384, 52.686687 ], [ 4.63362, 52.694581 ], [ 4.639604, 52.728118 ], [ 4.649071, 52.756177 ], [ 4.678769, 52.808405 ], [ 4.709466, 52.883575 ], [ 4.715548, 52.941948 ], [ 4.720076, 52.951262 ], [ 4.733661, 52.962415 ], [ 4.76303, 52.965551 ], [ 4.776055, 52.965218 ], [ 4.778623, 52.96317 ], [ 4.77577, 52.960216 ], [ 4.776911, 52.957738 ], [ 4.787852, 52.954706 ], [ 4.792523, 52.955624 ], [ 4.795778, 52.958935 ], [ 4.793592, 52.962934 ], [ 4.800824, 52.963299 ], [ 4.802586, 52.955852 ], [ 4.793566, 52.943747 ], [ 4.791874, 52.935594 ], [ 4.81028, 52.913646 ], [ 4.84129, 52.901479 ], [ 4.850002, 52.900359 ], [ 4.874322, 52.88985 ], [ 4.908328, 52.894991 ], [ 4.922782, 52.900211 ], [ 4.939837, 52.905165 ], [ 4.953217, 52.915327 ], [ 4.957826, 52.921571 ], [ 4.959423, 52.92553 ], [ 4.969131, 52.930253 ], [ 5.000893, 52.935802 ], [ 5.01401, 52.934589 ], [ 5.029069, 52.936958 ], [ 5.041553, 52.933506 ], [ 5.049572, 52.937524 ], [ 5.048981, 52.942335 ], [ 5.058613, 52.945553 ], [ 5.150841, 52.993827 ], [ 5.164384, 53.00091 ], [ 5.240359, 53.041109 ], [ 5.293898, 53.069414 ], [ 5.343102, 53.077496 ], [ 5.371063, 53.093123 ], [ 5.37758, 53.098594 ], [ 5.37911, 53.108289 ], [ 5.395649, 53.115003 ], [ 5.403816, 53.122012 ], [ 5.408196, 53.131693 ], [ 5.411229, 53.151724 ], [ 5.414229, 53.164811 ], [ 5.409602, 53.173534 ], [ 5.419016, 53.181671 ], [ 5.425342, 53.184236 ], [ 5.421389, 53.185827 ], [ 5.436961, 53.21016 ], [ 5.44756, 53.219815 ], [ 5.481751, 53.240425 ], [ 5.523151, 53.256272 ], [ 5.537837, 53.265618 ], [ 5.553486, 53.274466 ], [ 5.560961, 53.285249 ], [ 5.585523, 53.300392 ], [ 5.635473, 53.314435 ], [ 5.640694, 53.316441 ], [ 5.64802, 53.318895 ], [ 5.653226, 53.320638 ], [ 5.663287, 53.3215 ], [ 5.677313, 53.323627 ], [ 5.686741, 53.325697 ], [ 5.718973, 53.334626 ], [ 5.763888, 53.350668 ], [ 5.77704, 53.354417 ], [ 5.840758, 53.372578 ], [ 5.848208, 53.376495 ], [ 5.883449, 53.384966 ], [ 5.888177, 53.388345 ], [ 5.920945, 53.387488 ], [ 5.948221, 53.393117 ], [ 5.971701, 53.397962 ], [ 5.976125, 53.396861 ], [ 5.987867, 53.398036 ], [ 6.015613, 53.403483 ], [ 6.068103, 53.407521 ], [ 6.085199, 53.405345 ], [ 6.090623, 53.408262 ], [ 6.136413, 53.403942 ], [ 6.176786, 53.414464 ], [ 6.183752, 53.414312 ], [ 6.191302, 53.410938 ], [ 6.167945, 53.390758 ], [ 6.167432, 53.388065 ], [ 6.167726, 53.384769 ], [ 6.169579, 53.37685 ], [ 6.171541, 53.372925 ], [ 6.175717, 53.367527 ], [ 6.186024, 53.362536 ], [ 6.220824, 53.356463 ], [ 6.234075, 53.343257 ], [ 6.254171, 53.348321 ], [ 6.286982, 53.341381 ], [ 6.280898, 53.31365 ], [ 6.291659, 53.310365 ], [ 6.293286, 53.307927 ], [ 6.277913, 53.302299 ], [ 6.269363, 53.291189 ], [ 6.260342, 53.290899 ], [ 6.254284, 53.288251 ], [ 6.251799, 53.2772 ], [ 6.254572, 53.269367 ], [ 6.245031, 53.267094 ], [ 6.237447, 53.258344 ], [ 6.232179, 53.256748 ], [ 6.232015, 53.255996 ], [ 6.234564, 53.252664 ], [ 6.230466, 53.24976 ], [ 6.231128, 53.246039 ], [ 6.219586, 53.24228 ], [ 6.223643, 53.238847 ], [ 6.214871, 53.235042 ], [ 6.224686, 53.229518 ], [ 6.229539, 53.222247 ], [ 6.229092, 53.217604 ], [ 6.219204, 53.206318 ], [ 6.20937, 53.200328 ], [ 6.200234, 53.198113 ], [ 6.199062, 53.193774 ], [ 6.192811, 53.188859 ], [ 6.178285, 53.167882 ], [ 6.176817, 53.15945 ], [ 6.175689, 53.135093 ], [ 6.185724, 53.129265 ], [ 6.205481, 53.115774 ], [ 6.236779, 53.113462 ], [ 6.262942, 53.113939 ], [ 6.275862, 53.110302 ], [ 6.290659, 53.10018 ], [ 6.296395, 53.098427 ], [ 6.315237, 53.094051 ], [ 6.305327, 53.08113 ], [ 6.332024, 53.075252 ], [ 6.340318, 53.073409 ], [ 6.367695, 53.067325 ], [ 6.364812, 53.050995 ], [ 6.363658, 53.041109 ], [ 6.362791, 53.033676 ], [ 6.413328, 52.985538 ], [ 6.424308, 52.974995 ], [ 6.427642, 52.971794 ], [ 6.393538, 52.932819 ], [ 6.369053, 52.921973 ], [ 6.383963, 52.916042 ], [ 6.384794, 52.912947 ], [ 6.366749, 52.902558 ], [ 6.360528, 52.895386 ], [ 6.372285, 52.890141 ], [ 6.36709, 52.881834 ], [ 6.369045, 52.877186 ], [ 6.372034, 52.876553 ], [ 6.373178, 52.882397 ], [ 6.382006, 52.889173 ], [ 6.41935, 52.882244 ], [ 6.42153, 52.877088 ], [ 6.431348, 52.870046 ], [ 6.433833, 52.858248 ], [ 6.429722, 52.855617 ], [ 6.431138, 52.851093 ], [ 6.449484, 52.850042 ], [ 6.460381, 52.852439 ], [ 6.46328, 52.839577 ], [ 6.478988, 52.836858 ], [ 6.460285, 52.813996 ], [ 6.455449, 52.800556 ], [ 6.491722, 52.792641 ], [ 6.495767, 52.785677 ], [ 6.491357, 52.771466 ], [ 6.50763, 52.768378 ], [ 6.513001, 52.762683 ], [ 6.534352, 52.767594 ], [ 6.539287, 52.765349 ], [ 6.54182, 52.765336 ], [ 6.565376, 52.765219 ], [ 6.558242, 52.74572 ], [ 6.587468, 52.735691 ], [ 6.577096, 52.724826 ], [ 6.596056, 52.723122 ], [ 6.596733, 52.713531 ], [ 6.629528, 52.711952 ], [ 6.629031, 52.695151 ], [ 6.632323, 52.685284 ], [ 6.62943, 52.669658 ], [ 6.614586, 52.67411 ], [ 6.552768, 52.665661 ], [ 6.546162, 52.663376 ], [ 6.54182, 52.661094 ], [ 6.529387, 52.65456 ], [ 6.514189, 52.645561 ], [ 6.517028, 52.614175 ], [ 6.491199, 52.619031 ], [ 6.479237, 52.618811 ], [ 6.469304, 52.62467 ], [ 6.464218, 52.623485 ], [ 6.458917, 52.615907 ], [ 6.453189, 52.614559 ], [ 6.445358, 52.615308 ], [ 6.436343, 52.618482 ], [ 6.430093, 52.628067 ], [ 6.418185, 52.619393 ], [ 6.408424, 52.621126 ], [ 6.404525, 52.617 ], [ 6.394943, 52.61719 ], [ 6.385336, 52.612792 ], [ 6.377177, 52.617005 ], [ 6.374108, 52.628649 ], [ 6.363808, 52.639073 ], [ 6.363026, 52.643626 ], [ 6.346114, 52.649935 ], [ 6.340318, 52.65446 ], [ 6.3341, 52.65519 ], [ 6.327775, 52.658706 ], [ 6.326025, 52.661658 ], [ 6.328382, 52.666359 ], [ 6.323078, 52.670135 ], [ 6.298284, 52.665927 ], [ 6.29394, 52.662622 ], [ 6.288061, 52.66382 ], [ 6.280265, 52.668566 ], [ 6.27152, 52.665094 ], [ 6.265509, 52.667988 ], [ 6.261747, 52.670049 ], [ 6.251546, 52.670429 ], [ 6.244755, 52.677893 ], [ 6.235912, 52.678169 ], [ 6.231822, 52.681158 ], [ 6.216301, 52.68606 ], [ 6.201232, 52.684093 ], [ 6.193004, 52.676987 ], [ 6.185943, 52.681797 ], [ 6.182718, 52.681905 ], [ 6.182455, 52.675784 ], [ 6.178322, 52.676003 ], [ 6.164356, 52.679677 ], [ 6.16891, 52.686737 ], [ 6.158892, 52.692104 ], [ 6.15542, 52.694171 ], [ 6.120559, 52.751547 ], [ 6.128375, 52.757349 ], [ 6.155049, 52.762399 ], [ 6.167855, 52.767271 ], [ 6.172879, 52.773063 ], [ 6.193416, 52.786418 ], [ 6.200545, 52.794442 ], [ 6.178004, 52.813067 ], [ 6.152195, 52.827385 ], [ 6.119814, 52.854267 ], [ 6.090623, 52.842928 ], [ 6.080509, 52.838998 ], [ 6.063442, 52.839309 ], [ 6.054127, 52.837411 ], [ 6.058761, 52.826157 ], [ 6.032214, 52.815636 ], [ 6.02301, 52.82231 ], [ 5.996206, 52.817288 ], [ 5.986095, 52.822705 ], [ 5.969861, 52.842172 ], [ 5.958497, 52.839451 ], [ 5.955205, 52.833986 ], [ 5.948221, 52.836271 ], [ 5.945856, 52.837045 ], [ 5.928726, 52.834265 ], [ 5.928931, 52.831902 ], [ 5.923627, 52.83052 ], [ 5.923268, 52.823662 ], [ 5.910592, 52.815135 ], [ 5.90115, 52.811709 ], [ 5.896466, 52.807399 ], [ 5.878031, 52.801098 ], [ 5.85704, 52.806497 ], [ 5.837257, 52.80646 ], [ 5.833625, 52.811377 ], [ 5.823895, 52.813921 ], [ 5.819827, 52.817317 ], [ 5.817441, 52.816776 ], [ 5.809738, 52.813713 ], [ 5.795149, 52.806499 ], [ 5.789703, 52.804546 ], [ 5.783678, 52.817729 ], [ 5.77704, 52.821905 ], [ 5.750123, 52.838832 ], [ 5.726278, 52.843651 ], [ 5.727868, 52.834825 ], [ 5.713061, 52.837549 ], [ 5.707391, 52.835013 ], [ 5.660803, 52.831011 ], [ 5.64802, 52.818931 ], [ 5.635473, 52.807069 ], [ 5.631353, 52.803055 ], [ 5.516903, 52.7859 ], [ 5.377262, 52.764805 ], [ 5.361148, 52.675728 ], [ 5.298071, 52.692662 ], [ 5.28848, 52.691512 ], [ 5.268962, 52.680267 ], [ 5.262266, 52.67683 ], [ 5.257186, 52.64447 ], [ 5.150841, 52.609107 ], [ 5.135306, 52.603939 ], [ 5.074623, 52.583679 ], [ 5.060427, 52.578937 ], [ 5.027034, 52.612613 ], [ 5.007682, 52.610291 ], [ 5.003867, 52.597886 ], [ 4.949831, 52.595279 ], [ 4.949806, 52.599006 ], [ 4.958844, 52.604932 ], [ 4.952745, 52.613132 ], [ 4.948347, 52.613253 ], [ 4.932945, 52.605942 ], [ 4.926488, 52.607052 ], [ 4.922782, 52.607952 ], [ 4.913116, 52.607721 ], [ 4.894264, 52.59835 ] ] ], [ [ [ 4.90085, 53.143666 ], [ 4.908276, 53.134763 ], [ 4.904769, 53.129336 ], [ 4.902526, 53.128477 ], [ 4.90001, 53.124255 ], [ 4.898608, 53.098553 ], [ 4.900201, 53.093933 ], [ 4.900867, 53.087988 ], [ 4.900056, 53.084291 ], [ 4.896676, 53.077504 ], [ 4.892513, 53.076482 ], [ 4.888695, 53.073635 ], [ 4.881385, 53.070872 ], [ 4.879564, 53.06716 ], [ 4.875446, 53.064972 ], [ 4.87312, 53.064866 ], [ 4.872177, 53.062796 ], [ 4.872725, 53.057968 ], [ 4.871938, 53.054918 ], [ 4.863284, 53.047129 ], [ 4.861242, 53.04249 ], [ 4.858079, 53.041109 ], [ 4.85638, 53.040367 ], [ 4.853585, 53.040774 ], [ 4.849237, 53.038889 ], [ 4.851234, 53.038374 ], [ 4.848448, 53.035687 ], [ 4.843187, 53.032284 ], [ 4.837669, 53.030641 ], [ 4.829477, 53.029708 ], [ 4.820896, 53.030047 ], [ 4.819309, 53.029425 ], [ 4.791628, 53.007751 ], [ 4.791367, 53.005441 ], [ 4.795142, 53.003849 ], [ 4.791783, 53.001787 ], [ 4.784568, 53.001726 ], [ 4.781382, 53.004123 ], [ 4.777951, 53.003116 ], [ 4.77387, 53.005295 ], [ 4.767491, 53.005437 ], [ 4.751744, 53.009661 ], [ 4.749665, 53.008537 ], [ 4.754002, 53.004338 ], [ 4.761658, 53.001735 ], [ 4.764992, 53.001673 ], [ 4.773138, 52.998225 ], [ 4.773648, 52.99643 ], [ 4.769771, 52.996214 ], [ 4.764048, 52.997067 ], [ 4.756025, 52.996473 ], [ 4.755133, 52.995344 ], [ 4.757689, 52.993145 ], [ 4.755609, 52.992015 ], [ 4.730256, 52.98611 ], [ 4.720939, 52.98452 ], [ 4.718453, 52.986044 ], [ 4.717941, 52.994802 ], [ 4.712906, 52.99963 ], [ 4.711064, 53.010017 ], [ 4.709649, 53.013598 ], [ 4.708831, 53.022466 ], [ 4.70911, 53.027845 ], [ 4.711342, 53.036118 ], [ 4.712333, 53.041109 ], [ 4.712841, 53.043665 ], [ 4.717113, 53.05544 ], [ 4.72015, 53.061047 ], [ 4.725623, 53.068768 ], [ 4.734026, 53.079885 ], [ 4.751491, 53.098893 ], [ 4.758962, 53.105486 ], [ 4.763372, 53.110213 ], [ 4.78507, 53.1306 ], [ 4.794456, 53.137573 ], [ 4.798499, 53.137531 ], [ 4.796614, 53.135158 ], [ 4.799599, 53.132827 ], [ 4.808541, 53.134007 ], [ 4.807367, 53.135252 ], [ 4.812015, 53.137977 ], [ 4.810809, 53.138773 ], [ 4.805456, 53.136652 ], [ 4.802211, 53.13815 ], [ 4.802282, 53.139826 ], [ 4.797162, 53.140591 ], [ 4.809306, 53.15334 ], [ 4.818489, 53.161843 ], [ 4.820838, 53.16466 ], [ 4.830526, 53.172177 ], [ 4.837115, 53.177888 ], [ 4.841128, 53.182882 ], [ 4.843746, 53.184262 ], [ 4.850033, 53.184911 ], [ 4.858139, 53.183846 ], [ 4.860849, 53.182878 ], [ 4.869474, 53.174663 ], [ 4.87292, 53.173183 ], [ 4.875204, 53.169011 ], [ 4.879287, 53.164063 ], [ 4.877167, 53.163193 ], [ 4.878237, 53.157798 ], [ 4.881201, 53.155183 ], [ 4.886052, 53.156475 ], [ 4.891559, 53.152729 ], [ 4.90085, 53.143666 ] ] ], [ [ [ 5.258141, 53.24957 ], [ 5.252617, 53.249046 ], [ 5.248607, 53.250594 ], [ 5.247788, 53.252844 ], [ 5.243634, 53.251866 ], [ 5.246433, 53.248353 ], [ 5.243801, 53.247515 ], [ 5.241053, 53.250433 ], [ 5.242056, 53.253751 ], [ 5.245497, 53.255733 ], [ 5.249807, 53.255768 ], [ 5.256098, 53.254649 ], [ 5.267966, 53.253231 ], [ 5.270151, 53.251682 ], [ 5.261583, 53.251308 ], [ 5.258141, 53.24957 ] ] ], [ [ [ 4.8682, 53.208298 ], [ 4.862882, 53.206337 ], [ 4.854332, 53.207246 ], [ 4.850373, 53.211361 ], [ 4.852119, 53.219441 ], [ 4.857032, 53.223339 ], [ 4.922782, 53.250392 ], [ 4.941186, 53.258867 ], [ 4.968114, 53.275063 ], [ 5.032021, 53.300885 ], [ 5.065699, 53.307932 ], [ 5.092868, 53.305688 ], [ 5.100595, 53.303039 ], [ 5.092906, 53.296289 ], [ 5.064768, 53.293783 ], [ 5.039655, 53.28256 ], [ 4.988289, 53.270784 ], [ 4.974199, 53.265411 ], [ 4.972111, 53.261172 ], [ 4.97936, 53.252971 ], [ 4.970633, 53.250405 ], [ 4.967728, 53.241125 ], [ 4.943351, 53.233035 ], [ 4.942277, 53.23019 ], [ 4.922782, 53.217726 ], [ 4.914457, 53.216116 ], [ 4.881801, 53.217145 ], [ 4.876072, 53.215399 ], [ 4.8682, 53.208298 ] ] ], [ [ [ 5.54045, 53.43267 ], [ 5.529719, 53.430249 ], [ 5.523266, 53.429205 ], [ 5.517531, 53.428916 ], [ 5.515086, 53.430215 ], [ 5.512463, 53.428182 ], [ 5.501403, 53.424353 ], [ 5.494544, 53.422803 ], [ 5.492929, 53.423529 ], [ 5.492202, 53.42123 ], [ 5.485229, 53.419522 ], [ 5.485472, 53.417602 ], [ 5.476849, 53.418258 ], [ 5.47558, 53.416867 ], [ 5.471429, 53.416663 ], [ 5.473005, 53.41418 ], [ 5.466869, 53.41382 ], [ 5.459431, 53.415559 ], [ 5.451207, 53.419425 ], [ 5.447356, 53.417353 ], [ 5.454242, 53.41435 ], [ 5.468297, 53.41119 ], [ 5.478835, 53.410671 ], [ 5.478125, 53.408642 ], [ 5.462446, 53.404611 ], [ 5.454591, 53.403996 ], [ 5.449322, 53.404323 ], [ 5.440814, 53.403889 ], [ 5.409611, 53.404099 ], [ 5.399962, 53.403642 ], [ 5.382925, 53.401119 ], [ 5.376936, 53.399123 ], [ 5.374678, 53.397197 ], [ 5.368961, 53.39491 ], [ 5.356765, 53.386923 ], [ 5.344035, 53.382145 ], [ 5.3323, 53.380632 ], [ 5.326243, 53.37815 ], [ 5.32566, 53.377104 ], [ 5.314438, 53.379721 ], [ 5.310503, 53.37674 ], [ 5.303481, 53.374933 ], [ 5.300104, 53.375169 ], [ 5.296243, 53.372643 ], [ 5.296289, 53.370843 ], [ 5.292869, 53.370279 ], [ 5.283715, 53.371407 ], [ 5.277028, 53.372932 ], [ 5.268324, 53.371061 ], [ 5.260042, 53.372446 ], [ 5.256284, 53.371803 ], [ 5.254056, 53.369786 ], [ 5.244955, 53.366131 ], [ 5.243584, 53.364585 ], [ 5.238441, 53.366624 ], [ 5.222051, 53.365415 ], [ 5.217952, 53.361037 ], [ 5.216223, 53.356265 ], [ 5.213075, 53.355297 ], [ 5.207016, 53.356265 ], [ 5.199648, 53.352931 ], [ 5.194963, 53.349503 ], [ 5.184849, 53.348703 ], [ 5.179249, 53.34956 ], [ 5.173249, 53.34916 ], [ 5.165136, 53.352074 ], [ 5.16205, 53.351388 ], [ 5.153879, 53.35556 ], [ 5.153707, 53.357331 ], [ 5.154107, 53.358817 ], [ 5.163935, 53.368759 ], [ 5.179364, 53.381445 ], [ 5.180678, 53.38413 ], [ 5.186454, 53.386877 ], [ 5.191764, 53.391305 ], [ 5.199518, 53.395521 ], [ 5.209542, 53.397492 ], [ 5.224474, 53.399536 ], [ 5.244697, 53.402639 ], [ 5.274193, 53.407957 ], [ 5.314218, 53.413024 ], [ 5.345876, 53.417531 ], [ 5.389398, 53.424563 ], [ 5.404259, 53.427223 ], [ 5.425067, 53.431512 ], [ 5.443389, 53.434931 ], [ 5.454151, 53.437688 ], [ 5.464636, 53.439436 ], [ 5.47235, 53.441103 ], [ 5.490492, 53.444198 ], [ 5.510757, 53.445384 ], [ 5.530383, 53.444406 ], [ 5.539113, 53.44266 ], [ 5.547398, 53.43931 ], [ 5.550366, 53.436359 ], [ 5.548284, 53.435977 ], [ 5.54561, 53.437869 ], [ 5.54045, 53.43267 ] ] ], [ [ [ 5.966338, 53.465608 ], [ 5.96857, 53.462557 ], [ 5.966443, 53.459177 ], [ 5.96117, 53.461109 ], [ 5.93805, 53.457644 ], [ 5.908831, 53.456778 ], [ 5.886541, 53.450751 ], [ 5.806109, 53.437991 ], [ 5.77704, 53.4381 ], [ 5.727417, 53.442229 ], [ 5.704039, 53.430383 ], [ 5.681829, 53.425114 ], [ 5.64802, 53.425313 ], [ 5.635386, 53.428839 ], [ 5.619363, 53.437406 ], [ 5.613936, 53.448138 ], [ 5.617535, 53.45471 ], [ 5.63542, 53.464611 ], [ 5.64802, 53.469822 ], [ 5.658857, 53.471217 ], [ 5.685802, 53.465465 ], [ 5.751142, 53.460563 ], [ 5.77704, 53.460526 ], [ 5.9334, 53.468272 ], [ 5.960228, 53.46766 ], [ 5.966338, 53.465608 ] ] ], [ [ [ 6.136188, 53.469356 ], [ 6.130742, 53.474331 ], [ 6.13377, 53.485558 ], [ 6.142054, 53.492082 ], [ 6.152832, 53.496929 ], [ 6.15235, 53.499673 ], [ 6.156008, 53.500884 ], [ 6.302549, 53.509737 ], [ 6.370647, 53.517593 ], [ 6.390924, 53.51704 ], [ 6.397848, 53.51451 ], [ 6.394383, 53.512112 ], [ 6.360525, 53.506168 ], [ 6.336344, 53.505276 ], [ 6.332664, 53.500945 ], [ 6.324045, 53.500416 ], [ 6.308219, 53.495464 ], [ 6.279229, 53.489787 ], [ 6.269495, 53.485558 ], [ 6.253911, 53.478086 ], [ 6.22199, 53.476198 ], [ 6.192164, 53.472334 ], [ 6.161339, 53.471448 ], [ 6.157298, 53.466759 ], [ 6.151718, 53.465367 ], [ 6.149163, 53.460403 ], [ 6.145313, 53.461154 ], [ 6.145071, 53.46553 ], [ 6.136188, 53.469356 ] ] ] ] } },
{ "type": "Feature", "properties": { "id": "NLC6", "cluster_id": "Rotterdam-Moerdijk", "country": "NL", "level": "IC1", "uuid": "4bc0705b-8b9c-4d93-af40-fd1a3db938b6", "area_km2": 2801.7666624595204, "per_km2": 886.17743456363985 }, "geometry": { "type": "MultiPolygon", "coordinates": [ [ [ [ 4.750611, 51.497989 ], [ 4.746145, 51.489613 ], [ 4.734007, 51.485591 ], [ 4.728776, 51.483376 ], [ 4.715785, 51.469155 ], [ 4.704348, 51.466608 ], [ 4.692802, 51.452317 ], [ 4.667286, 51.444439 ], [ 4.669544, 51.426384 ], [ 4.651758, 51.426248 ], [ 4.639974, 51.422754 ], [ 4.627946, 51.426362 ], [ 4.575702, 51.432604 ], [ 4.535451, 51.422889 ], [ 4.530349, 51.448437 ], [ 4.532993, 51.453407 ], [ 4.541656, 51.464889 ], [ 4.548236, 51.473228 ], [ 4.536755, 51.482114 ], [ 4.486698, 51.47736 ], [ 4.475709, 51.477642 ], [ 4.464445, 51.4713 ], [ 4.441251, 51.468252 ], [ 4.391183, 51.45137 ], [ 4.382725, 51.449511 ], [ 4.380434, 51.447179 ], [ 4.392, 51.445618 ], [ 4.395784, 51.442143 ], [ 4.395603, 51.436582 ], [ 4.398277, 51.434248 ], [ 4.394843, 51.430558 ], [ 4.395134, 51.426872 ], [ 4.391221, 51.426594 ], [ 4.384185, 51.420742 ], [ 4.390627, 51.409371 ], [ 4.430394, 51.375475 ], [ 4.425894, 51.371115 ], [ 4.430557, 51.364524 ], [ 4.41981, 51.364547 ], [ 4.394778, 51.355804 ], [ 4.385641, 51.354648 ], [ 4.368139, 51.356033 ], [ 4.355474, 51.358049 ], [ 4.349737, 51.358171 ], [ 4.341159, 51.358353 ], [ 4.333145, 51.377395 ], [ 4.279565, 51.376017 ], [ 4.27391, 51.382399 ], [ 4.267011, 51.385967 ], [ 4.268908, 51.399635 ], [ 4.264054, 51.41643 ], [ 4.275047, 51.425748 ], [ 4.265474, 51.439678 ], [ 4.263025, 51.443111 ], [ 4.230464, 51.488743 ], [ 4.218991, 51.504795 ], [ 4.2188, 51.50896 ], [ 4.219478, 51.512527 ], [ 4.220912, 51.516006 ], [ 4.235068, 51.541481 ], [ 4.236057, 51.545021 ], [ 4.236132, 51.550224 ], [ 4.234464, 51.555691 ], [ 4.232444, 51.559055 ], [ 4.229727, 51.562221 ], [ 4.226361, 51.56514 ], [ 4.215952, 51.573036 ], [ 4.198893, 51.585975 ], [ 4.195718, 51.588973 ], [ 4.193216, 51.592212 ], [ 4.190817, 51.597385 ], [ 4.190164, 51.600952 ], [ 4.190279, 51.604545 ], [ 4.191167, 51.608097 ], [ 4.193829, 51.61322 ], [ 4.19766, 51.618049 ], [ 4.201043, 51.62096 ], [ 4.207211, 51.624733 ], [ 4.211945, 51.626789 ], [ 4.215952, 51.628074 ], [ 4.237419, 51.63434 ], [ 4.242536, 51.647121 ], [ 4.215952, 51.656225 ], [ 4.202701, 51.660763 ], [ 4.193764, 51.664398 ], [ 4.155362, 51.683479 ], [ 4.151825, 51.685234 ], [ 4.123081, 51.685753 ], [ 4.110028, 51.687141 ], [ 4.107967, 51.687717 ], [ 4.098084, 51.690475 ], [ 4.073643, 51.692699 ], [ 4.060591, 51.692978 ], [ 4.047815, 51.694362 ], [ 4.040039, 51.702698 ], [ 4.036705, 51.711029 ], [ 4.036427, 51.720474 ], [ 4.035038, 51.730194 ], [ 4.026259, 51.738308 ], [ 4.018886, 51.742717 ], [ 4.013337, 51.75901 ], [ 4.008854, 51.759564 ], [ 3.996776, 51.761055 ], [ 3.974493, 51.763801 ], [ 3.958939, 51.772133 ], [ 3.940331, 51.7738 ], [ 3.921445, 51.770744 ], [ 3.905058, 51.764633 ], [ 3.895061, 51.757412 ], [ 3.886172, 51.749359 ], [ 3.875896, 51.747692 ], [ 3.847431, 51.753402 ], [ 3.842964, 51.756021 ], [ 3.839083, 51.758297 ], [ 3.855752, 51.766012 ], [ 3.865723, 51.781428 ], [ 3.856246, 51.806376 ], [ 3.858479, 51.811245 ], [ 3.86772, 51.81788 ], [ 3.912444, 51.827287 ], [ 3.959237, 51.842219 ], [ 4.007689, 51.849944 ], [ 4.01497, 51.847676 ], [ 4.003827, 51.842905 ], [ 4.011872, 51.840704 ], [ 4.016792, 51.834243 ], [ 4.0296, 51.827061 ], [ 4.032962, 51.826425 ], [ 4.048836, 51.83194 ], [ 4.053256, 51.83548 ], [ 4.053178, 51.838798 ], [ 4.067506, 51.8453 ], [ 4.065313, 51.852385 ], [ 4.033913, 51.882073 ], [ 4.031185, 51.887254 ], [ 4.034518, 51.895683 ], [ 4.054513, 51.915557 ], [ 4.04983, 51.91974 ], [ 4.040459, 51.923311 ], [ 4.008854, 51.917248 ], [ 4.006159, 51.916618 ], [ 4.00131, 51.915998 ], [ 3.99612, 51.916438 ], [ 3.982341, 51.924427 ], [ 3.977769, 51.930659 ], [ 3.960691, 51.960881 ], [ 3.966131, 51.969764 ], [ 3.983386, 51.983837 ], [ 4.001714, 51.988034 ], [ 4.02181, 51.985478 ], [ 4.034262, 51.987161 ], [ 4.07182, 51.976512 ], [ 4.081465, 51.981929 ], [ 4.097651, 51.984866 ], [ 4.127789, 52.000542 ], [ 4.135633, 51.992978 ], [ 4.149953, 51.987564 ], [ 4.148563, 51.981359 ], [ 4.186385, 51.967199 ], [ 4.192878, 51.954785 ], [ 4.215952, 51.943204 ], [ 4.219527, 51.94141 ], [ 4.228316, 51.948009 ], [ 4.229638, 51.946304 ], [ 4.230111, 51.94487 ], [ 4.231767, 51.94292 ], [ 4.236941, 51.943928 ], [ 4.238782, 51.943737 ], [ 4.240317, 51.942871 ], [ 4.255653, 51.930659 ], [ 4.269666, 51.923937 ], [ 4.292684, 51.92128 ], [ 4.307005, 51.930659 ], [ 4.321824, 51.941907 ], [ 4.349737, 51.951151 ], [ 4.3507, 51.951469 ], [ 4.365822, 51.955263 ], [ 4.36495, 51.960874 ], [ 4.379322, 51.963394 ], [ 4.389689, 51.964879 ], [ 4.394811, 51.963115 ], [ 4.403009, 51.966224 ], [ 4.407887, 51.968178 ], [ 4.427856, 51.976467 ], [ 4.425472, 51.979752 ], [ 4.448489, 51.993498 ], [ 4.451917, 51.996799 ], [ 4.450975, 52.000487 ], [ 4.458466, 52.002771 ], [ 4.456051, 52.00714 ], [ 4.460605, 52.012671 ], [ 4.458511, 52.022256 ], [ 4.476731, 52.031677 ], [ 4.506118, 52.032599 ], [ 4.532507, 52.048477 ], [ 4.546216, 52.049671 ], [ 4.557199, 52.061237 ], [ 4.565002, 52.058597 ], [ 4.607465, 52.065559 ], [ 4.606061, 52.051181 ], [ 4.610302, 52.047317 ], [ 4.592656, 52.03425 ], [ 4.626606, 52.014215 ], [ 4.637383, 52.012292 ], [ 4.649443, 52.020275 ], [ 4.662317, 52.02339 ], [ 4.667352, 52.021461 ], [ 4.665139, 52.015772 ], [ 4.667034, 52.012744 ], [ 4.669417, 52.010998 ], [ 4.660994, 52.004489 ], [ 4.670933, 52.001956 ], [ 4.679642, 51.997201 ], [ 4.688698, 51.996238 ], [ 4.673464, 51.986099 ], [ 4.669004, 51.979255 ], [ 4.632038, 51.969465 ], [ 4.645253, 51.954371 ], [ 4.639387, 51.9502 ], [ 4.633917, 51.937542 ], [ 4.619478, 51.933479 ], [ 4.617682, 51.931041 ], [ 4.640111, 51.912274 ], [ 4.62299, 51.908638 ], [ 4.598611, 51.907268 ], [ 4.587263, 51.903478 ], [ 4.575958, 51.90303 ], [ 4.579395, 51.90229 ], [ 4.583456, 51.900991 ], [ 4.590158, 51.89626 ], [ 4.595177, 51.894133 ], [ 4.605322, 51.891904 ], [ 4.613749, 51.89051 ], [ 4.619486, 51.889606 ], [ 4.619789, 51.888077 ], [ 4.623571, 51.884643 ], [ 4.626396, 51.880607 ], [ 4.630329, 51.875293 ], [ 4.635219, 51.869877 ], [ 4.646154, 51.856324 ], [ 4.636598, 51.850173 ], [ 4.626707, 51.854251 ], [ 4.606458, 51.848759 ], [ 4.600129, 51.838764 ], [ 4.585731, 51.842415 ], [ 4.571006, 51.847183 ], [ 4.553419, 51.82999 ], [ 4.555587, 51.828651 ], [ 4.557238, 51.826866 ], [ 4.559262, 51.823284 ], [ 4.560161, 51.819698 ], [ 4.561202, 51.817905 ], [ 4.564457, 51.814335 ], [ 4.566405, 51.813007 ], [ 4.569333, 51.811496 ], [ 4.574099, 51.809657 ], [ 4.578902, 51.808311 ], [ 4.583465, 51.807586 ], [ 4.597847, 51.806366 ], [ 4.616213, 51.801784 ], [ 4.621221, 51.80109 ], [ 4.622744, 51.793747 ], [ 4.626474, 51.78577 ], [ 4.627429, 51.782539 ], [ 4.627694, 51.776848 ], [ 4.626267, 51.769489 ], [ 4.626193, 51.764774 ], [ 4.627441, 51.759216 ], [ 4.630739, 51.751625 ], [ 4.631604, 51.747169 ], [ 4.631526, 51.744026 ], [ 4.630564, 51.739345 ], [ 4.626637, 51.728382 ], [ 4.620421, 51.714126 ], [ 4.645138, 51.719066 ], [ 4.676295, 51.724918 ], [ 4.678769, 51.720451 ], [ 4.699003, 51.722393 ], [ 4.721006, 51.733788 ], [ 4.73345, 51.736934 ], [ 4.753576, 51.754062 ], [ 4.763536, 51.75914 ], [ 4.772475, 51.759862 ], [ 4.781749, 51.766096 ], [ 4.787183, 51.756278 ], [ 4.805264, 51.757431 ], [ 4.82875, 51.753671 ], [ 4.84269, 51.756391 ], [ 4.851806, 51.755004 ], [ 4.852919, 51.750811 ], [ 4.847103, 51.735499 ], [ 4.846625, 51.725558 ], [ 4.8369, 51.712745 ], [ 4.864389, 51.718635 ], [ 4.871104, 51.719616 ], [ 4.877826, 51.720081 ], [ 4.88433, 51.7201 ], [ 4.890698, 51.719623 ], [ 4.896352, 51.718849 ], [ 4.902655, 51.71862 ], [ 4.909262, 51.718963 ], [ 4.917945, 51.71994 ], [ 4.933116, 51.6768 ], [ 4.925073, 51.67498 ], [ 4.925032, 51.673008 ], [ 4.933679, 51.658413 ], [ 4.932508, 51.651518 ], [ 4.912837, 51.633461 ], [ 4.911122, 51.626775 ], [ 4.907514, 51.624789 ], [ 4.914818, 51.621935 ], [ 4.910813, 51.61831 ], [ 4.91188, 51.615401 ], [ 4.917421, 51.608145 ], [ 4.91764, 51.601455 ], [ 4.911769, 51.597389 ], [ 4.868465, 51.579162 ], [ 4.864234, 51.579086 ], [ 4.865426, 51.573016 ], [ 4.870916, 51.568247 ], [ 4.867877, 51.560191 ], [ 4.86297, 51.557266 ], [ 4.841985, 51.553583 ], [ 4.836522, 51.550001 ], [ 4.828378, 51.549408 ], [ 4.799749, 51.535935 ], [ 4.771614, 51.527645 ], [ 4.759934, 51.51971 ], [ 4.749423, 51.518586 ], [ 4.748778, 51.512713 ], [ 4.753284, 51.50625 ], [ 4.759926, 51.502464 ], [ 4.750611, 51.497989 ] ] ] ] } },
{ "type": "Feature", "properties": { "id": "NLC8", "cluster_id": "South-Netherlands", "country": "NL", "level": "IC1", "uuid": "d3b8b158-4558-4e97-a476-67ac1fdeaa13", "area_km2": 5328.0428768484926, "per_km2": 471.12079351084338 }, "geometry": { "type": "MultiPolygon", "coordinates": [ [ [ [ 6.082775, 51.227922 ], [ 6.084586, 51.222859 ], [ 6.072765, 51.222071 ], [ 6.068187, 51.219375 ], [ 6.073566, 51.182692 ], [ 6.082805, 51.171961 ], [ 6.090623, 51.171224 ], [ 6.099154, 51.17042 ], [ 6.110307, 51.173814 ], [ 6.123101, 51.181421 ], [ 6.164254, 51.193453 ], [ 6.179102, 51.187117 ], [ 6.174812, 51.184513 ], [ 6.140149, 51.173487 ], [ 6.174226, 51.158613 ], [ 6.163781, 51.152865 ], [ 6.162565, 51.14933 ], [ 6.154591, 51.148108 ], [ 6.126316, 51.144869 ], [ 6.118407, 51.140139 ], [ 6.092517, 51.134572 ], [ 6.090623, 51.131802 ], [ 6.085709, 51.124616 ], [ 6.081139, 51.125302 ], [ 6.080447, 51.122205 ], [ 6.07242, 51.118504 ], [ 6.061408, 51.116469 ], [ 6.051879, 51.10622 ], [ 6.036585, 51.096579 ], [ 6.023212, 51.093402 ], [ 6.017391, 51.093843 ], [ 6.009375, 51.090444 ], [ 5.996571, 51.08327 ], [ 5.988412, 51.075118 ], [ 5.981052, 51.072451 ], [ 5.979848, 51.067896 ], [ 5.970559, 51.060426 ], [ 5.968614, 51.047973 ], [ 5.966532, 51.044332 ], [ 5.959204, 51.040909 ], [ 5.956503, 51.035565 ], [ 5.948221, 51.036795 ], [ 5.937512, 51.036947 ], [ 5.926468, 51.048527 ], [ 5.919222, 51.062432 ], [ 5.912795, 51.065485 ], [ 5.891431, 51.053425 ], [ 5.867697, 51.050278 ], [ 5.868358, 51.045856 ], [ 5.876921, 51.037351 ], [ 5.877085, 51.032101 ], [ 5.85407, 51.029347 ], [ 5.84997, 51.03517 ], [ 5.852219, 51.039169 ], [ 5.84865, 51.04564 ], [ 5.827807, 51.048243 ], [ 5.822717, 51.072487 ], [ 5.818842, 51.071577 ], [ 5.808442, 51.059126 ], [ 5.803205, 51.058045 ], [ 5.798274, 51.059853 ], [ 5.800322, 51.064113 ], [ 5.797515, 51.073531 ], [ 5.80424, 51.078459 ], [ 5.7964, 51.088198 ], [ 5.797996, 51.092623 ], [ 5.8089, 51.095905 ], [ 5.825372, 51.0932 ], [ 5.833173, 51.099659 ], [ 5.829456, 51.106327 ], [ 5.8142, 51.107987 ], [ 5.809271, 51.110936 ], [ 5.808695, 51.115555 ], [ 5.813751, 51.120941 ], [ 5.824227, 51.128416 ], [ 5.840607, 51.131753 ], [ 5.84634, 51.140483 ], [ 5.854448, 51.144578 ], [ 5.837819, 51.153475 ], [ 5.837628, 51.157121 ], [ 5.826478, 51.166755 ], [ 5.821254, 51.165443 ], [ 5.814581, 51.160056 ], [ 5.804929, 51.161587 ], [ 5.778828, 51.152616 ], [ 5.778368, 51.161615 ], [ 5.770345, 51.167488 ], [ 5.775895, 51.171275 ], [ 5.774705, 51.17894 ], [ 5.767845, 51.182892 ], [ 5.75592, 51.184978 ], [ 5.745651, 51.189472 ], [ 5.739272, 51.186281 ], [ 5.718166, 51.184317 ], [ 5.709695, 51.181101 ], [ 5.689292, 51.185004 ], [ 5.678213, 51.183274 ], [ 5.666156, 51.186007 ], [ 5.658136, 51.184715 ], [ 5.651251, 51.19245 ], [ 5.653474, 51.195636 ], [ 5.650536, 51.198428 ], [ 5.64802, 51.199097 ], [ 5.566284, 51.220836 ], [ 5.560082, 51.222791 ], [ 5.555459, 51.244337 ], [ 5.556663, 51.265393 ], [ 5.522957, 51.286141 ], [ 5.515765, 51.295324 ], [ 5.484879, 51.300053 ], [ 5.4787, 51.296035 ], [ 5.476138, 51.291343 ], [ 5.465235, 51.285169 ], [ 5.44294, 51.282016 ], [ 5.4383, 51.276058 ], [ 5.432371, 51.275277 ], [ 5.417375, 51.262226 ], [ 5.347693, 51.275324 ], [ 5.341772, 51.26573 ], [ 5.336068, 51.263447 ], [ 5.295745, 51.261775 ], [ 5.263279, 51.266608 ], [ 5.237717, 51.2616 ], [ 5.226578, 51.269201 ], [ 5.241098, 51.305663 ], [ 5.200245, 51.322619 ], [ 5.174155, 51.316048 ], [ 5.162362, 51.310742 ], [ 5.134465, 51.31549 ], [ 5.131386, 51.347105 ], [ 5.120852, 51.354552 ], [ 5.115479, 51.361915 ], [ 5.071045, 51.393421 ], [ 5.10218, 51.429005 ], [ 5.103257, 51.433022 ], [ 5.080154, 51.469797 ], [ 5.066413, 51.471196 ], [ 5.049744, 51.471123 ], [ 5.045863, 51.471687 ], [ 5.03878, 51.478708 ], [ 5.039677, 51.48565 ], [ 5.036765, 51.486933 ], [ 5.022499, 51.481433 ], [ 5.021266, 51.480255 ], [ 5.016354, 51.475559 ], [ 5.011128, 51.471941 ], [ 5.007952, 51.465587 ], [ 5.010374, 51.458252 ], [ 5.0032, 51.443774 ], [ 4.96389, 51.422523 ], [ 4.928706, 51.396084 ], [ 4.927334, 51.399124 ], [ 4.917834, 51.398809 ], [ 4.910641, 51.402715 ], [ 4.908395, 51.408233 ], [ 4.900709, 51.41106 ], [ 4.90079, 51.414157 ], [ 4.894544, 51.413518 ], [ 4.882916, 51.41582 ], [ 4.86894, 51.412924 ], [ 4.867409, 51.409119 ], [ 4.859727, 51.4114 ], [ 4.859151, 51.412916 ], [ 4.851539, 51.413927 ], [ 4.846174, 51.412914 ], [ 4.837188, 51.414423 ], [ 4.787864, 51.409746 ], [ 4.772193, 51.415125 ], [ 4.76919, 51.419477 ], [ 4.768986, 51.429005 ], [ 4.774536, 51.431523 ], [ 4.785044, 51.432268 ], [ 4.792365, 51.429141 ], [ 4.803734, 51.428393 ], [ 4.826865, 51.422203 ], [ 4.829165, 51.422526 ], [ 4.823914, 51.448334 ], [ 4.834407, 51.457367 ], [ 4.839476, 51.45684 ], [ 4.84281, 51.458798 ], [ 4.836611, 51.463106 ], [ 4.841391, 51.480713 ], [ 4.822484, 51.483083 ], [ 4.815801, 51.494236 ], [ 4.798836, 51.499159 ], [ 4.78501, 51.499418 ], [ 4.780179, 51.503822 ], [ 4.775349, 51.504838 ], [ 4.759926, 51.502464 ], [ 4.753284, 51.50625 ], [ 4.748778, 51.512713 ], [ 4.749423, 51.518586 ], [ 4.759934, 51.51971 ], [ 4.771614, 51.527645 ], [ 4.799749, 51.535935 ], [ 4.828378, 51.549408 ], [ 4.836522, 51.550001 ], [ 4.841985, 51.553583 ], [ 4.86297, 51.557266 ], [ 4.867877, 51.560191 ], [ 4.870916, 51.568247 ], [ 4.865426, 51.573016 ], [ 4.864234, 51.579086 ], [ 4.868465, 51.579162 ], [ 4.911769, 51.597389 ], [ 4.91764, 51.601455 ], [ 4.917421, 51.608145 ], [ 4.91188, 51.615401 ], [ 4.910813, 51.61831 ], [ 4.914818, 51.621935 ], [ 4.907514, 51.624789 ], [ 4.911122, 51.626775 ], [ 4.912837, 51.633461 ], [ 4.932508, 51.651518 ], [ 4.933679, 51.658413 ], [ 4.925032, 51.673008 ], [ 4.925073, 51.67498 ], [ 4.933116, 51.6768 ], [ 4.917945, 51.71994 ], [ 4.909262, 51.718963 ], [ 4.902655, 51.71862 ], [ 4.896352, 51.718849 ], [ 4.890698, 51.719623 ], [ 4.88433, 51.7201 ], [ 4.877826, 51.720081 ], [ 4.871104, 51.719616 ], [ 4.864389, 51.718635 ], [ 4.8369, 51.712745 ], [ 4.846625, 51.725558 ], [ 4.847103, 51.735499 ], [ 4.852919, 51.750811 ], [ 4.851806, 51.755004 ], [ 4.84269, 51.756391 ], [ 4.82875, 51.753671 ], [ 4.805264, 51.757431 ], [ 4.787183, 51.756278 ], [ 4.781749, 51.766096 ], [ 4.772475, 51.759862 ], [ 4.763536, 51.75914 ], [ 4.753576, 51.754062 ], [ 4.73345, 51.736934 ], [ 4.721006, 51.733788 ], [ 4.699003, 51.722393 ], [ 4.678769, 51.720451 ], [ 4.676295, 51.724918 ], [ 4.681597, 51.72842 ], [ 4.693263, 51.73228 ], [ 4.703745, 51.736927 ], [ 4.724591, 51.747905 ], [ 4.729446, 51.750709 ], [ 4.736631, 51.755569 ], [ 4.740769, 51.758819 ], [ 4.744788, 51.763489 ], [ 4.750568, 51.77576 ], [ 4.755239, 51.781612 ], [ 4.758403, 51.784416 ], [ 4.765598, 51.789245 ], [ 4.773718, 51.793224 ], [ 4.781813, 51.795944 ], [ 4.797275, 51.799789 ], [ 4.806893, 51.800377 ], [ 4.816181, 51.799679 ], [ 4.828857, 51.797992 ], [ 4.836137, 51.797802 ], [ 4.845999, 51.798755 ], [ 4.854541, 51.800838 ], [ 4.859855, 51.802658 ], [ 4.865608, 51.805481 ], [ 4.876177, 51.811897 ], [ 4.88484, 51.81657 ], [ 4.889427, 51.818905 ], [ 4.904167, 51.823971 ], [ 4.911253, 51.825977 ], [ 4.918607, 51.82748 ], [ 4.92272, 51.828075 ], [ 4.926901, 51.8283 ], [ 4.931143, 51.828529 ], [ 4.936063, 51.828315 ], [ 4.969584, 51.823654 ], [ 4.987757, 51.82106 ], [ 4.992735, 51.820816 ], [ 5.000534, 51.820938 ], [ 5.008807, 51.817415 ], [ 5.017402, 51.80745 ], [ 5.021266, 51.806192 ], [ 5.049961, 51.796851 ], [ 5.066413, 51.780821 ], [ 5.074767, 51.779335 ], [ 5.082039, 51.780662 ], [ 5.090241, 51.786449 ], [ 5.098672, 51.787309 ], [ 5.117264, 51.7784 ], [ 5.138229, 51.77192 ], [ 5.136308, 51.759991 ], [ 5.142028, 51.754449 ], [ 5.126802, 51.744716 ], [ 5.128058, 51.73761 ], [ 5.146862, 51.740642 ], [ 5.165557, 51.742878 ], [ 5.175954, 51.743 ], [ 5.185596, 51.741863 ], [ 5.192688, 51.740482 ], [ 5.195342, 51.740234 ], [ 5.201624, 51.740661 ], [ 5.206699, 51.741493 ], [ 5.211501, 51.742752 ], [ 5.215535, 51.743347 ], [ 5.220693, 51.74353 ], [ 5.224127, 51.743137 ], [ 5.230731, 51.74139 ], [ 5.238691, 51.737682 ], [ 5.242841, 51.735176 ], [ 5.245037, 51.734268 ], [ 5.248213, 51.733696 ], [ 5.251446, 51.733864 ], [ 5.255719, 51.734928 ], [ 5.262347, 51.738025 ], [ 5.265634, 51.739177 ], [ 5.27257, 51.740059 ], [ 5.279135, 51.740143 ], [ 5.283293, 51.739799 ], [ 5.29243, 51.737182 ], [ 5.297151, 51.736831 ], [ 5.300759, 51.737465 ], [ 5.304811, 51.738918 ], [ 5.316569, 51.744365 ], [ 5.323323, 51.746891 ], [ 5.334918, 51.750389 ], [ 5.349557, 51.754131 ], [ 5.353579, 51.755501 ], [ 5.357452, 51.75782 ], [ 5.360305, 51.761165 ], [ 5.360749, 51.762779 ], [ 5.360642, 51.772232 ], [ 5.362047, 51.778137 ], [ 5.364938, 51.784145 ], [ 5.369645, 51.790485 ], [ 5.377308, 51.797798 ], [ 5.383608, 51.804642 ], [ 5.395726, 51.813961 ], [ 5.40162, 51.820724 ], [ 5.404733, 51.822124 ], [ 5.408092, 51.822593 ], [ 5.412001, 51.822288 ], [ 5.414847, 51.821289 ], [ 5.416804, 51.820003 ], [ 5.421152, 51.815624 ], [ 5.424998, 51.812958 ], [ 5.429496, 51.811294 ], [ 5.43284, 51.810516 ], [ 5.439489, 51.809711 ], [ 5.445602, 51.809562 ], [ 5.454212, 51.809929 ], [ 5.460865, 51.810589 ], [ 5.464474, 51.811111 ], [ 5.469703, 51.812389 ], [ 5.474326, 51.814678 ], [ 5.476756, 51.816887 ], [ 5.477659, 51.818359 ], [ 5.480158, 51.825092 ], [ 5.482902, 51.82793 ], [ 5.484675, 51.828979 ], [ 5.490134, 51.83049 ], [ 5.495459, 51.830646 ], [ 5.50017, 51.82978 ], [ 5.50558, 51.827698 ], [ 5.508322, 51.825947 ], [ 5.514147, 51.820713 ], [ 5.516972, 51.819454 ], [ 5.520087, 51.818786 ], [ 5.528616, 51.818351 ], [ 5.535581, 51.816635 ], [ 5.538602, 51.816219 ], [ 5.541559, 51.816368 ], [ 5.546046, 51.817837 ], [ 5.548723, 51.819942 ], [ 5.550999, 51.823749 ], [ 5.552194, 51.825004 ], [ 5.554501, 51.826435 ], [ 5.557392, 51.827396 ], [ 5.560424, 51.827812 ], [ 5.574589, 51.82793 ], [ 5.584782, 51.829498 ], [ 5.588166, 51.829712 ], [ 5.592602, 51.829303 ], [ 5.59788, 51.828083 ], [ 5.606476, 51.825237 ], [ 5.618844, 51.819759 ], [ 5.623545, 51.819141 ], [ 5.630567, 51.819645 ], [ 5.634582, 51.819565 ], [ 5.638467, 51.818912 ], [ 5.64184, 51.817623 ], [ 5.644062, 51.816211 ], [ 5.64562, 51.814625 ], [ 5.64802, 51.809888 ], [ 5.649863, 51.806251 ], [ 5.652334, 51.802871 ], [ 5.655615, 51.799568 ], [ 5.660026, 51.796348 ], [ 5.664824, 51.793922 ], [ 5.668945, 51.792824 ], [ 5.682385, 51.791839 ], [ 5.686916, 51.790889 ], [ 5.689901, 51.789783 ], [ 5.69279, 51.788353 ], [ 5.695227, 51.786655 ], [ 5.697442, 51.784294 ], [ 5.700759, 51.779491 ], [ 5.703107, 51.77766 ], [ 5.706339, 51.776119 ], [ 5.711124, 51.775001 ], [ 5.721884, 51.774803 ], [ 5.726567, 51.77391 ], [ 5.729744, 51.772892 ], [ 5.732328, 51.77169 ], [ 5.734453, 51.770122 ], [ 5.740037, 51.763908 ], [ 5.745142, 51.759193 ], [ 5.74929, 51.75692 ], [ 5.754086, 51.755226 ], [ 5.762106, 51.753254 ], [ 5.767787, 51.752464 ], [ 5.773379, 51.752098 ], [ 5.77704, 51.752219 ], [ 5.78247, 51.752399 ], [ 5.790482, 51.753517 ], [ 5.798987, 51.75518 ], [ 5.811144, 51.756687 ], [ 5.848531, 51.759304 ], [ 5.856124, 51.759041 ], [ 5.861836, 51.758205 ], [ 5.865159, 51.757408 ], [ 5.868815, 51.762834 ], [ 5.868613, 51.775226 ], [ 5.885452, 51.778187 ], [ 5.893651, 51.777633 ], [ 5.911593, 51.761628 ], [ 5.915166, 51.752928 ], [ 5.931883, 51.748257 ], [ 5.931257, 51.743432 ], [ 5.938288, 51.741482 ], [ 5.948221, 51.743539 ], [ 5.950454, 51.744001 ], [ 5.953192, 51.747846 ], [ 5.952863, 51.742322 ], [ 5.955741, 51.738688 ], [ 5.993756, 51.738104 ], [ 6.032312, 51.723832 ], [ 6.035838, 51.718483 ], [ 6.044011, 51.71676 ], [ 6.040683, 51.71349 ], [ 6.030021, 51.712382 ], [ 6.026641, 51.708718 ], [ 6.03138, 51.694484 ], [ 6.029241, 51.688805 ], [ 6.03197, 51.676179 ], [ 6.039012, 51.672315 ], [ 6.070057, 51.664493 ], [ 6.076921, 51.664249 ], [ 6.080374, 51.662015 ], [ 6.090623, 51.660216 ], [ 6.098866, 51.658768 ], [ 6.104257, 51.65977 ], [ 6.117141, 51.655992 ], [ 6.099302, 51.623849 ], [ 6.094363, 51.621291 ], [ 6.094344, 51.616164 ], [ 6.092435, 51.605539 ], [ 6.121063, 51.592459 ], [ 6.131973, 51.580219 ], [ 6.157023, 51.566678 ], [ 6.176871, 51.539197 ], [ 6.200742, 51.526583 ], [ 6.211483, 51.514541 ], [ 6.213423, 51.507841 ], [ 6.213287, 51.491597 ], [ 6.219228, 51.483971 ], [ 6.223315, 51.473598 ], [ 6.220301, 51.448081 ], [ 6.21418, 51.445163 ], [ 6.214619, 51.433699 ], [ 6.205691, 51.400709 ], [ 6.225566, 51.399628 ], [ 6.215175, 51.388146 ], [ 6.224405, 51.364979 ], [ 6.224615, 51.359734 ], [ 6.19127, 51.34003 ], [ 6.192102, 51.335209 ], [ 6.169777, 51.332181 ], [ 6.160174, 51.320423 ], [ 6.15408, 51.307373 ], [ 6.150324, 51.30361 ], [ 6.144449, 51.297624 ], [ 6.141117, 51.29531 ], [ 6.137367, 51.292425 ], [ 6.132622, 51.288774 ], [ 6.129828, 51.28657 ], [ 6.128805, 51.285391 ], [ 6.125924, 51.279781 ], [ 6.1248, 51.277592 ], [ 6.124481, 51.274585 ], [ 6.121706, 51.272675 ], [ 6.119642, 51.271255 ], [ 6.09299, 51.252913 ], [ 6.090623, 51.251311 ], [ 6.072657, 51.242587 ], [ 6.081144, 51.230287 ], [ 6.082775, 51.227922 ] ], [ [ 4.933019, 51.449637 ], [ 4.93476, 51.447459 ], [ 4.941558, 51.446329 ], [ 4.943511, 51.448698 ], [ 4.945848, 51.449059 ], [ 4.947877, 51.44733 ], [ 4.94878, 51.449113 ], [ 4.952451, 51.450162 ], [ 4.950053, 51.451963 ], [ 4.933019, 51.449637 ] ], [ [ 4.950612, 51.443343 ], [ 4.949849, 51.446062 ], [ 4.945269, 51.445382 ], [ 4.943717, 51.443696 ], [ 4.950612, 51.443343 ] ], [ [ 4.923032, 51.447411 ], [ 4.920126, 51.44589 ], [ 4.922174, 51.442625 ], [ 4.91907, 51.440688 ], [ 4.922487, 51.439744 ], [ 4.919652, 51.438247 ], [ 4.921256, 51.436924 ], [ 4.917302, 51.435413 ], [ 4.926117, 51.433393 ], [ 4.92884, 51.43048 ], [ 4.933674, 51.431079 ], [ 4.936042, 51.42942 ], [ 4.939683, 51.430785 ], [ 4.939981, 51.434194 ], [ 4.93774, 51.435173 ], [ 4.942026, 51.438921 ], [ 4.93883, 51.439346 ], [ 4.936598, 51.437828 ], [ 4.934611, 51.442114 ], [ 4.939545, 51.441802 ], [ 4.938087, 51.444699 ], [ 4.933022, 51.444128 ], [ 4.927271, 51.440292 ], [ 4.925853, 51.442709 ], [ 4.927432, 51.443895 ], [ 4.925618, 51.446622 ], [ 4.923032, 51.447411 ] ], [ [ 4.933117, 51.405089 ], [ 4.936791, 51.405312 ], [ 4.936155, 51.409448 ], [ 4.930725, 51.407397 ], [ 4.933117, 51.405089 ] ], [ [ 4.83752, 51.418323 ], [ 4.840551, 51.421497 ], [ 4.834377, 51.421202 ], [ 4.832921, 51.419142 ], [ 4.83752, 51.418323 ] ] ], [ [ [ 4.920863, 51.393688 ], [ 4.914106, 51.395024 ], [ 4.920384, 51.396753 ], [ 4.92764, 51.395424 ], [ 4.920863, 51.393688 ] ] ] ] } },
{ "type": "Feature", "properties": { "id": "NLC4", "cluster_id": "West-Netherlands", "country": "NL", "level": "IC1", "uuid": "ec8ff0df-9680-4dce-8915-fc037e30d7fa", "area_km2": 3610.4841354220298, "per_km2": 1206.5959036339657 }, "geometry": { "type": "MultiPolygon", "coordinates": [ [ [ [ 5.142491, 51.924972 ], [ 5.135964, 51.915374 ], [ 5.131374, 51.913555 ], [ 5.117934, 51.898029 ], [ 5.114227, 51.889168 ], [ 5.090526, 51.888233 ], [ 5.080916, 51.876274 ], [ 5.066413, 51.874193 ], [ 5.056552, 51.873397 ], [ 5.052218, 51.86977 ], [ 5.053317, 51.865697 ], [ 5.062273, 51.861351 ], [ 5.060344, 51.85896 ], [ 5.0269, 51.858562 ], [ 5.021266, 51.858449 ], [ 5.006308, 51.858149 ], [ 4.995473, 51.861043 ], [ 4.99857, 51.851829 ], [ 5.000592, 51.844396 ], [ 5.021266, 51.841715 ], [ 5.030799, 51.840479 ], [ 5.026678, 51.818737 ], [ 5.021266, 51.819449 ], [ 5.012532, 51.820598 ], [ 5.000534, 51.820938 ], [ 4.992735, 51.820816 ], [ 4.987757, 51.82106 ], [ 4.969584, 51.823654 ], [ 4.936063, 51.828315 ], [ 4.931143, 51.828529 ], [ 4.926901, 51.8283 ], [ 4.92272, 51.828075 ], [ 4.918607, 51.82748 ], [ 4.911253, 51.825977 ], [ 4.904167, 51.823971 ], [ 4.889427, 51.818905 ], [ 4.88484, 51.81657 ], [ 4.876177, 51.811897 ], [ 4.865608, 51.805481 ], [ 4.859855, 51.802658 ], [ 4.854541, 51.800838 ], [ 4.845999, 51.798755 ], [ 4.836137, 51.797802 ], [ 4.828857, 51.797992 ], [ 4.816181, 51.799679 ], [ 4.806893, 51.800377 ], [ 4.797275, 51.799789 ], [ 4.781813, 51.795944 ], [ 4.773718, 51.793224 ], [ 4.765598, 51.789245 ], [ 4.758403, 51.784416 ], [ 4.755239, 51.781612 ], [ 4.750568, 51.77576 ], [ 4.744788, 51.763489 ], [ 4.740769, 51.758819 ], [ 4.736631, 51.755569 ], [ 4.729446, 51.750709 ], [ 4.724591, 51.747905 ], [ 4.703745, 51.736927 ], [ 4.693263, 51.73228 ], [ 4.681597, 51.72842 ], [ 4.676295, 51.724918 ], [ 4.645138, 51.719066 ], [ 4.620421, 51.714126 ], [ 4.626637, 51.728382 ], [ 4.630564, 51.739345 ], [ 4.631526, 51.744026 ], [ 4.631604, 51.747169 ], [ 4.630739, 51.751625 ], [ 4.627441, 51.759216 ], [ 4.626193, 51.764774 ], [ 4.626267, 51.769489 ], [ 4.627694, 51.776848 ], [ 4.627429, 51.782539 ], [ 4.626474, 51.78577 ], [ 4.622744, 51.793747 ], [ 4.621221, 51.80109 ], [ 4.616213, 51.801784 ], [ 4.597847, 51.806366 ], [ 4.583465, 51.807586 ], [ 4.578902, 51.808311 ], [ 4.574099, 51.809657 ], [ 4.569333, 51.811496 ], [ 4.566405, 51.813007 ], [ 4.564457, 51.814335 ], [ 4.561202, 51.817905 ], [ 4.560161, 51.819698 ], [ 4.559262, 51.823284 ], [ 4.557238, 51.826866 ], [ 4.555587, 51.828651 ], [ 4.553419, 51.82999 ], [ 4.571006, 51.847183 ], [ 4.585731, 51.842415 ], [ 4.600129, 51.838764 ], [ 4.606458, 51.848759 ], [ 4.626707, 51.854251 ], [ 4.636598, 51.850173 ], [ 4.646154, 51.856324 ], [ 4.635219, 51.869877 ], [ 4.630329, 51.875293 ], [ 4.626396, 51.880607 ], [ 4.623571, 51.884643 ], [ 4.619789, 51.888077 ], [ 4.619486, 51.889606 ], [ 4.613749, 51.89051 ], [ 4.605322, 51.891904 ], [ 4.595177, 51.894133 ], [ 4.590158, 51.89626 ], [ 4.583456, 51.900991 ], [ 4.579395, 51.90229 ], [ 4.575958, 51.90303 ], [ 4.587263, 51.903478 ], [ 4.598611, 51.907268 ], [ 4.62299, 51.908638 ], [ 4.640111, 51.912274 ], [ 4.617682, 51.931041 ], [ 4.619478, 51.933479 ], [ 4.633917, 51.937542 ], [ 4.639387, 51.9502 ], [ 4.645253, 51.954371 ], [ 4.632038, 51.969465 ], [ 4.669004, 51.979255 ], [ 4.673464, 51.986099 ], [ 4.688698, 51.996238 ], [ 4.679642, 51.997201 ], [ 4.670933, 52.001956 ], [ 4.660994, 52.004489 ], [ 4.669417, 52.010998 ], [ 4.667034, 52.012744 ], [ 4.665139, 52.015772 ], [ 4.667352, 52.021461 ], [ 4.662317, 52.02339 ], [ 4.649443, 52.020275 ], [ 4.637383, 52.012292 ], [ 4.626606, 52.014215 ], [ 4.592656, 52.03425 ], [ 4.610302, 52.047317 ], [ 4.606061, 52.051181 ], [ 4.607465, 52.065559 ], [ 4.565002, 52.058597 ], [ 4.557199, 52.061237 ], [ 4.546216, 52.049671 ], [ 4.532507, 52.048477 ], [ 4.506118, 52.032599 ], [ 4.476731, 52.031677 ], [ 4.458511, 52.022256 ], [ 4.460605, 52.012671 ], [ 4.456051, 52.00714 ], [ 4.458466, 52.002771 ], [ 4.450975, 52.000487 ], [ 4.451917, 51.996799 ], [ 4.448489, 51.993498 ], [ 4.425472, 51.979752 ], [ 4.427856, 51.976467 ], [ 4.407887, 51.968178 ], [ 4.403009, 51.966224 ], [ 4.394811, 51.963115 ], [ 4.389689, 51.964879 ], [ 4.379322, 51.963394 ], [ 4.36495, 51.960874 ], [ 4.365822, 51.955263 ], [ 4.3507, 51.951469 ], [ 4.349737, 51.951151 ], [ 4.321824, 51.941907 ], [ 4.307005, 51.930659 ], [ 4.292684, 51.92128 ], [ 4.269666, 51.923937 ], [ 4.255653, 51.930659 ], [ 4.240317, 51.942871 ], [ 4.238782, 51.943737 ], [ 4.236941, 51.943928 ], [ 4.231767, 51.94292 ], [ 4.230111, 51.94487 ], [ 4.229638, 51.946304 ], [ 4.228316, 51.948009 ], [ 4.219527, 51.94141 ], [ 4.215952, 51.943204 ], [ 4.192878, 51.954785 ], [ 4.186385, 51.967199 ], [ 4.148563, 51.981359 ], [ 4.149953, 51.987564 ], [ 4.135633, 51.992978 ], [ 4.127789, 52.000542 ], [ 4.162828, 52.02953 ], [ 4.198019, 52.054144 ], [ 4.215952, 52.067697 ], [ 4.256828, 52.098572 ], [ 4.264705, 52.098339 ], [ 4.265717, 52.09981 ], [ 4.261946, 52.09973 ], [ 4.261324, 52.102343 ], [ 4.303329, 52.128266 ], [ 4.306006, 52.130073 ], [ 4.324506, 52.144432 ], [ 4.3315, 52.150001 ], [ 4.341084, 52.157623 ], [ 4.349737, 52.165058 ], [ 4.365567, 52.178653 ], [ 4.368254, 52.18127 ], [ 4.374233, 52.18709 ], [ 4.40535, 52.219533 ], [ 4.409821, 52.224548 ], [ 4.445236, 52.264253 ], [ 4.493848, 52.32826 ], [ 4.541317, 52.401468 ], [ 4.547067, 52.409437 ], [ 4.551192, 52.415842 ], [ 4.555324, 52.423676 ], [ 4.55731, 52.427917 ], [ 4.559229, 52.432594 ], [ 4.560597, 52.437426 ], [ 4.587052, 52.434411 ], [ 4.622611, 52.424453 ], [ 4.628339, 52.412974 ], [ 4.631682, 52.41167 ], [ 4.636893, 52.411935 ], [ 4.651915, 52.428105 ], [ 4.666728, 52.424886 ], [ 4.67476, 52.419216 ], [ 4.68086, 52.418931 ], [ 4.68243, 52.413311 ], [ 4.70034, 52.424486 ], [ 4.722984, 52.433334 ], [ 4.739189, 52.431221 ], [ 4.728729, 52.400688 ], [ 4.757803, 52.396812 ], [ 4.759235, 52.379398 ], [ 4.756757, 52.377861 ], [ 4.747714, 52.382977 ], [ 4.730741, 52.386266 ], [ 4.677701, 52.377243 ], [ 4.675288, 52.376198 ], [ 4.672952, 52.374458 ], [ 4.671863, 52.372967 ], [ 4.671405, 52.371223 ], [ 4.671613, 52.369606 ], [ 4.676502, 52.355903 ], [ 4.676501, 52.35448 ], [ 4.675015, 52.352192 ], [ 4.673058, 52.350853 ], [ 4.649849, 52.340729 ], [ 4.646272, 52.339828 ], [ 4.639818, 52.338909 ], [ 4.63005, 52.337425 ], [ 4.618548, 52.333057 ], [ 4.616562, 52.33144 ], [ 4.612146, 52.326457 ], [ 4.611385, 52.324417 ], [ 4.611387, 52.322204 ], [ 4.611684, 52.313587 ], [ 4.611221, 52.311748 ], [ 4.604433, 52.305938 ], [ 4.597224, 52.296303 ], [ 4.595888, 52.291107 ], [ 4.591074, 52.285705 ], [ 4.588421, 52.28046 ], [ 4.572662, 52.271152 ], [ 4.568746, 52.268863 ], [ 4.567873, 52.26786 ], [ 4.56968, 52.259926 ], [ 4.567236, 52.247711 ], [ 4.56284, 52.23444 ], [ 4.561023, 52.233082 ], [ 4.556487, 52.232158 ], [ 4.55418, 52.231346 ], [ 4.550627, 52.227005 ], [ 4.550846, 52.22567 ], [ 4.551846, 52.224548 ], [ 4.553828, 52.222324 ], [ 4.55799, 52.218887 ], [ 4.570877, 52.216995 ], [ 4.573896, 52.21727 ], [ 4.581387, 52.218781 ], [ 4.583554, 52.218906 ], [ 4.602581, 52.214638 ], [ 4.618069, 52.214443 ], [ 4.632223, 52.21608 ], [ 4.644317, 52.220512 ], [ 4.647292, 52.221252 ], [ 4.654972, 52.224548 ], [ 4.658608, 52.226108 ], [ 4.664794, 52.227436 ], [ 4.670348, 52.230755 ], [ 4.678013, 52.226361 ], [ 4.686466, 52.227087 ], [ 4.702793, 52.233439 ], [ 4.722661, 52.232172 ], [ 4.7232, 52.224548 ], [ 4.723764, 52.216573 ], [ 4.728766, 52.209819 ], [ 4.734974, 52.207399 ], [ 4.743416, 52.214154 ], [ 4.762661, 52.218535 ], [ 4.77322, 52.224548 ], [ 4.779626, 52.228196 ], [ 4.794524, 52.226726 ], [ 4.812773, 52.227168 ], [ 4.828997, 52.230673 ], [ 4.850236, 52.239314 ], [ 4.852119, 52.241962 ], [ 4.857262, 52.247085 ], [ 4.870071, 52.253307 ], [ 4.874161, 52.25136 ], [ 4.881758, 52.253208 ], [ 4.898151, 52.251468 ], [ 4.910504, 52.253043 ], [ 4.922782, 52.262928 ], [ 4.928613, 52.268795 ], [ 4.927291, 52.279644 ], [ 4.933282, 52.280556 ], [ 4.955408, 52.278316 ], [ 4.967672, 52.280348 ], [ 4.983213, 52.289951 ], [ 4.997416, 52.289648 ], [ 5.008343, 52.301479 ], [ 5.014443, 52.303447 ], [ 5.021538, 52.302498 ], [ 5.017666, 52.323265 ], [ 5.016104, 52.324512 ], [ 5.014538, 52.331418 ], [ 5.039519, 52.341822 ], [ 5.039059, 52.354576 ], [ 5.037661, 52.375358 ], [ 5.079161, 52.388653 ], [ 5.079288, 52.370407 ], [ 5.135082, 52.328319 ], [ 5.137311, 52.326577 ], [ 5.146144, 52.319671 ], [ 5.148879, 52.318729 ], [ 5.150841, 52.318656 ], [ 5.22459, 52.325763 ], [ 5.229321, 52.325257 ], [ 5.281141, 52.316772 ], [ 5.287397, 52.315056 ], [ 5.30108, 52.309669 ], [ 5.305455, 52.307632 ], [ 5.315179, 52.302395 ], [ 5.335462, 52.290218 ], [ 5.339565, 52.287731 ], [ 5.404633, 52.24963 ], [ 5.394796, 52.224548 ], [ 5.393278, 52.220676 ], [ 5.395558, 52.219341 ], [ 5.406415, 52.214268 ], [ 5.411286, 52.21773 ], [ 5.440076, 52.204272 ], [ 5.438494, 52.185213 ], [ 5.439437, 52.18127 ], [ 5.442207, 52.169678 ], [ 5.44956, 52.167627 ], [ 5.479896, 52.165809 ], [ 5.473287, 52.162865 ], [ 5.483854, 52.157459 ], [ 5.481513, 52.150539 ], [ 5.497864, 52.147106 ], [ 5.498435, 52.141276 ], [ 5.513462, 52.135413 ], [ 5.511073, 52.132161 ], [ 5.498464, 52.129655 ], [ 5.495366, 52.123995 ], [ 5.497388, 52.12001 ], [ 5.504319, 52.119375 ], [ 5.506923, 52.11423 ], [ 5.497509, 52.115892 ], [ 5.486386, 52.115337 ], [ 5.491233, 52.114528 ], [ 5.493557, 52.113178 ], [ 5.493786, 52.111037 ], [ 5.484816, 52.105356 ], [ 5.484965, 52.093758 ], [ 5.473139, 52.089359 ], [ 5.459866, 52.080866 ], [ 5.468604, 52.075119 ], [ 5.483074, 52.070166 ], [ 5.496476, 52.071552 ], [ 5.503781, 52.073725 ], [ 5.510861, 52.078797 ], [ 5.523051, 52.078299 ], [ 5.5305, 52.082486 ], [ 5.527745, 52.085961 ], [ 5.530859, 52.089148 ], [ 5.537195, 52.089648 ], [ 5.538263, 52.097284 ], [ 5.531503, 52.102257 ], [ 5.541513, 52.103733 ], [ 5.544016, 52.101944 ], [ 5.546363, 52.102459 ], [ 5.54524, 52.104499 ], [ 5.550347, 52.105438 ], [ 5.553722, 52.100434 ], [ 5.551766, 52.096556 ], [ 5.56249, 52.078186 ], [ 5.558061, 52.048847 ], [ 5.569651, 52.047834 ], [ 5.568652, 52.040444 ], [ 5.589317, 52.034159 ], [ 5.587302, 52.022332 ], [ 5.589891, 52.017771 ], [ 5.58637, 52.012625 ], [ 5.589528, 52.009403 ], [ 5.592192, 52.00157 ], [ 5.605808, 51.994159 ], [ 5.612687, 51.991171 ], [ 5.615818, 51.981983 ], [ 5.625495, 51.973868 ], [ 5.621091, 51.966117 ], [ 5.627089, 51.954366 ], [ 5.619915, 51.948896 ], [ 5.615135, 51.948505 ], [ 5.606012, 51.943248 ], [ 5.601047, 51.945057 ], [ 5.592587, 51.949161 ], [ 5.586778, 51.950699 ], [ 5.559681, 51.955153 ], [ 5.550217, 51.958936 ], [ 5.538817, 51.967745 ], [ 5.512211, 51.973206 ], [ 5.487428, 51.983385 ], [ 5.477737, 51.983439 ], [ 5.470753, 51.982857 ], [ 5.461771, 51.983368 ], [ 5.454442, 51.983352 ], [ 5.444338, 51.985508 ], [ 5.437234, 51.985214 ], [ 5.434295, 51.984642 ], [ 5.430965, 51.983501 ], [ 5.424123, 51.979145 ], [ 5.418309, 51.976703 ], [ 5.414152, 51.97559 ], [ 5.39949, 51.973224 ], [ 5.390958, 51.970749 ], [ 5.387289, 51.969887 ], [ 5.381975, 51.969196 ], [ 5.37427, 51.969387 ], [ 5.363619, 51.970974 ], [ 5.359763, 51.970889 ], [ 5.354611, 51.970119 ], [ 5.348286, 51.967888 ], [ 5.338216, 51.959789 ], [ 5.335934, 51.958328 ], [ 5.329898, 51.95626 ], [ 5.321614, 51.954948 ], [ 5.317336, 51.955093 ], [ 5.314933, 51.955642 ], [ 5.303316, 51.960819 ], [ 5.299935, 51.961719 ], [ 5.296057, 51.96225 ], [ 5.28349, 51.963066 ], [ 5.273372, 51.964622 ], [ 5.27002, 51.965538 ], [ 5.261242, 51.968498 ], [ 5.256388, 51.970875 ], [ 5.244561, 51.978202 ], [ 5.241263, 51.978944 ], [ 5.235837, 51.978538 ], [ 5.230173, 51.975716 ], [ 5.223686, 51.967667 ], [ 5.219071, 51.963543 ], [ 5.213164, 51.960576 ], [ 5.207482, 51.959526 ], [ 5.202481, 51.95968 ], [ 5.194499, 51.96123 ], [ 5.179851, 51.967605 ], [ 5.149456, 51.933452 ], [ 5.147856, 51.932213 ], [ 5.148824, 51.930659 ], [ 5.142491, 51.924972 ] ] ] ] } },
{ "type": "Feature", "properties": { "id": "NLC7", "cluster_id": "Zeeland-West_Brabant", "country": "NL", "level": "IC1", "uuid": "8e8eacb7-c219-4973-a4a5-1daae1d17395", "area_km2": 1932.5185831630597, "per_km2": 217.0378797080684 }, "geometry": { "type": "MultiPolygon", "coordinates": [ [ [ [ 4.165756, 51.292728 ], [ 4.071156, 51.250026 ], [ 4.060653, 51.244516 ], [ 4.05229, 51.242693 ], [ 4.040685, 51.241888 ], [ 4.036059, 51.245011 ], [ 4.025642, 51.241964 ], [ 4.018836, 51.245233 ], [ 4.008854, 51.243222 ], [ 4.005677, 51.241822 ], [ 3.985523, 51.233065 ], [ 3.977667, 51.225132 ], [ 3.965878, 51.223939 ], [ 3.958493, 51.216488 ], [ 3.945612, 51.215233 ], [ 3.937792, 51.212404 ], [ 3.928969, 51.219471 ], [ 3.917065, 51.214464 ], [ 3.918489, 51.208187 ], [ 3.90126, 51.202591 ], [ 3.894015, 51.203037 ], [ 3.886328, 51.20103 ], [ 3.878753, 51.207751 ], [ 3.891993, 51.216729 ], [ 3.892161, 51.219382 ], [ 3.888112, 51.22239 ], [ 3.85634, 51.211056 ], [ 3.852843, 51.212744 ], [ 3.842964, 51.21304 ], [ 3.836972, 51.21322 ], [ 3.823305, 51.209129 ], [ 3.807341, 51.212932 ], [ 3.801902, 51.210516 ], [ 3.790756, 51.21439 ], [ 3.789496, 51.244652 ], [ 3.794093, 51.256187 ], [ 3.775602, 51.263096 ], [ 3.769361, 51.260575 ], [ 3.764105, 51.261513 ], [ 3.754029, 51.269743 ], [ 3.725062, 51.273118 ], [ 3.715074, 51.271954 ], [ 3.693957, 51.276073 ], [ 3.687065, 51.280853 ], [ 3.678615, 51.281064 ], [ 3.669707, 51.285729 ], [ 3.657183, 51.290128 ], [ 3.638923, 51.288889 ], [ 3.621598, 51.293334 ], [ 3.615578, 51.296995 ], [ 3.589803, 51.305234 ], [ 3.582, 51.298531 ], [ 3.586625, 51.29345 ], [ 3.581995, 51.287684 ], [ 3.57539, 51.288767 ], [ 3.562268, 51.295509 ], [ 3.555432, 51.29037 ], [ 3.544154, 51.290707 ], [ 3.537005, 51.283775 ], [ 3.528202, 51.288385 ], [ 3.516253, 51.286819 ], [ 3.526845, 51.24652 ], [ 3.475021, 51.242672 ], [ 3.448826, 51.241783 ], [ 3.427946, 51.245164 ], [ 3.422288, 51.255798 ], [ 3.415756, 51.259083 ], [ 3.407563, 51.257512 ], [ 3.387083, 51.27303 ], [ 3.380661, 51.274299 ], [ 3.376091, 51.277946 ], [ 3.381129, 51.281853 ], [ 3.379592, 51.287429 ], [ 3.370265, 51.29225 ], [ 3.366596, 51.296819 ], [ 3.367438, 51.298985 ], [ 3.376119, 51.302301 ], [ 3.372049, 51.305754 ], [ 3.359359, 51.315373 ], [ 3.384897, 51.335335 ], [ 3.383174, 51.341133 ], [ 3.374305, 51.348933 ], [ 3.374379, 51.359195 ], [ 3.365788, 51.369835 ], [ 3.378209, 51.37699 ], [ 3.423325, 51.389761 ], [ 3.446088, 51.39009 ], [ 3.457845, 51.394038 ], [ 3.487316, 51.39858 ], [ 3.506815, 51.406437 ], [ 3.516662, 51.407636 ], [ 3.544778, 51.404744 ], [ 3.548679, 51.401324 ], [ 3.56445, 51.398345 ], [ 3.566054, 51.395514 ], [ 3.575445, 51.394355 ], [ 3.585492, 51.38766 ], [ 3.604887, 51.385372 ], [ 3.617932, 51.379879 ], [ 3.669707, 51.37294 ], [ 3.68579, 51.371026 ], [ 3.69307, 51.365265 ], [ 3.724106, 51.350061 ], [ 3.758111, 51.347421 ], [ 3.757862, 51.340424 ], [ 3.766043, 51.337232 ], [ 3.770393, 51.338334 ], [ 3.771558, 51.348909 ], [ 3.785285, 51.349269 ], [ 3.807243, 51.343102 ], [ 3.808253, 51.337642 ], [ 3.813317, 51.33272 ], [ 3.815455, 51.336748 ], [ 3.823088, 51.34108 ], [ 3.842964, 51.335951 ], [ 3.865719, 51.336605 ], [ 3.875942, 51.345585 ], [ 3.890262, 51.348716 ], [ 3.907024, 51.357828 ], [ 3.941549, 51.365613 ], [ 3.957716, 51.369294 ], [ 3.965708, 51.384458 ], [ 3.968222, 51.399922 ], [ 3.974944, 51.404429 ], [ 3.985423, 51.405447 ], [ 4.020926, 51.398185 ], [ 4.028089, 51.392744 ], [ 4.035792, 51.380241 ], [ 4.050322, 51.36846 ], [ 4.090722, 51.362158 ], [ 4.112696, 51.353121 ], [ 4.127533, 51.344429 ], [ 4.129554, 51.350068 ], [ 4.119096, 51.360772 ], [ 4.120621, 51.362361 ], [ 4.126845, 51.36316 ], [ 4.135817, 51.361413 ], [ 4.16434, 51.343539 ], [ 4.166764, 51.347028 ], [ 4.163582, 51.350826 ], [ 4.165951, 51.353527 ], [ 4.155811, 51.359747 ], [ 4.155018, 51.366998 ], [ 4.168285, 51.370354 ], [ 4.176783, 51.364034 ], [ 4.180594, 51.369467 ], [ 4.192328, 51.375158 ], [ 4.209467, 51.371233 ], [ 4.215952, 51.364658 ], [ 4.221812, 51.358022 ], [ 4.234818, 51.348254 ], [ 4.215952, 51.333093 ], [ 4.165756, 51.292728 ] ] ], [ [ [ 3.814873, 51.340061 ], [ 3.812879, 51.343046 ], [ 3.818827, 51.343046 ], [ 3.817363, 51.340055 ], [ 3.814873, 51.340061 ] ] ], [ [ [ 4.215952, 51.628074 ], [ 4.211945, 51.626789 ], [ 4.207211, 51.624733 ], [ 4.201043, 51.62096 ], [ 4.19766, 51.618049 ], [ 4.193829, 51.61322 ], [ 4.191167, 51.608097 ], [ 4.190279, 51.604545 ], [ 4.190164, 51.600952 ], [ 4.190817, 51.597385 ], [ 4.193216, 51.592212 ], [ 4.195718, 51.588973 ], [ 4.198893, 51.585975 ], [ 4.215952, 51.573036 ], [ 4.226361, 51.56514 ], [ 4.229727, 51.562221 ], [ 4.232444, 51.559055 ], [ 4.234464, 51.555691 ], [ 4.236132, 51.550224 ], [ 4.236057, 51.545021 ], [ 4.235068, 51.541481 ], [ 4.220912, 51.516006 ], [ 4.219478, 51.512527 ], [ 4.2188, 51.50896 ], [ 4.218991, 51.504795 ], [ 4.230464, 51.488743 ], [ 4.263025, 51.443111 ], [ 4.265474, 51.439678 ], [ 4.275047, 51.425748 ], [ 4.264054, 51.41643 ], [ 4.268908, 51.399635 ], [ 4.267011, 51.385967 ], [ 4.27391, 51.382399 ], [ 4.279565, 51.376017 ], [ 4.24367, 51.374729 ], [ 4.240739, 51.384231 ], [ 4.231666, 51.393402 ], [ 4.218398, 51.398317 ], [ 4.215952, 51.398733 ], [ 4.207006, 51.400254 ], [ 4.198792, 51.404751 ], [ 4.18831, 51.404295 ], [ 4.152391, 51.395307 ], [ 4.079185, 51.407844 ], [ 4.054144, 51.41863 ], [ 4.045442, 51.429968 ], [ 4.036415, 51.432564 ], [ 4.030622, 51.436556 ], [ 4.017497, 51.439945 ], [ 4.012319, 51.445277 ], [ 4.00739, 51.442083 ], [ 3.992734, 51.451194 ], [ 3.97545, 51.461145 ], [ 3.962605, 51.456263 ], [ 3.949882, 51.454912 ], [ 3.934107, 51.448174 ], [ 3.925949, 51.449987 ], [ 3.925539, 51.445663 ], [ 3.922181, 51.443111 ], [ 3.925863, 51.434861 ], [ 3.899195, 51.394552 ], [ 3.89349, 51.393218 ], [ 3.873065, 51.397076 ], [ 3.857807, 51.391319 ], [ 3.842964, 51.389054 ], [ 3.816306, 51.384987 ], [ 3.809922, 51.386245 ], [ 3.799451, 51.393843 ], [ 3.776179, 51.404935 ], [ 3.77491, 51.409652 ], [ 3.764774, 51.410437 ], [ 3.753669, 51.414322 ], [ 3.743113, 51.411438 ], [ 3.732643, 51.412014 ], [ 3.725411, 51.41568 ], [ 3.719875, 51.42646 ], [ 3.715021, 51.426261 ], [ 3.710237, 51.432827 ], [ 3.692913, 51.443111 ], [ 3.678169, 51.449317 ], [ 3.685353, 51.456628 ], [ 3.692588, 51.455916 ], [ 3.704077, 51.450613 ], [ 3.706379, 51.443881 ], [ 3.711695, 51.445725 ], [ 3.719108, 51.444223 ], [ 3.719561, 51.446472 ], [ 3.709968, 51.454306 ], [ 3.704083, 51.453835 ], [ 3.69345, 51.458985 ], [ 3.707526, 51.464441 ], [ 3.714429, 51.463583 ], [ 3.718733, 51.472971 ], [ 3.716979, 51.473842 ], [ 3.711753, 51.471589 ], [ 3.704161, 51.475882 ], [ 3.702042, 51.474261 ], [ 3.705217, 51.470797 ], [ 3.701058, 51.466816 ], [ 3.689935, 51.462503 ], [ 3.676634, 51.461243 ], [ 3.673167, 51.458319 ], [ 3.661574, 51.457988 ], [ 3.653672, 51.451201 ], [ 3.63078, 51.44155 ], [ 3.607025, 51.441362 ], [ 3.599275, 51.448679 ], [ 3.594773, 51.441364 ], [ 3.574059, 51.439652 ], [ 3.560137, 51.448051 ], [ 3.550449, 51.450394 ], [ 3.526885, 51.463062 ], [ 3.496, 51.494077 ], [ 3.46154, 51.508623 ], [ 3.439494, 51.522586 ], [ 3.433731, 51.5283 ], [ 3.437486, 51.541337 ], [ 3.487866, 51.563587 ], [ 3.556021, 51.589438 ], [ 3.579174, 51.594478 ], [ 3.58868, 51.594755 ], [ 3.612727, 51.592089 ], [ 3.624058, 51.588346 ], [ 3.633691, 51.589208 ], [ 3.636066, 51.589919 ], [ 3.640704, 51.591081 ], [ 3.645072, 51.591626 ], [ 3.648491, 51.591946 ], [ 3.65291, 51.593491 ], [ 3.657141, 51.594637 ], [ 3.669707, 51.596267 ], [ 3.680044, 51.600178 ], [ 3.68457, 51.598756 ], [ 3.698991, 51.599088 ], [ 3.717151, 51.59206 ], [ 3.724, 51.591826 ], [ 3.763292, 51.599046 ], [ 3.774688, 51.598233 ], [ 3.781409, 51.601394 ], [ 3.806713, 51.605005 ], [ 3.821947, 51.602849 ], [ 3.837435, 51.60493 ], [ 3.842964, 51.602382 ], [ 3.86184, 51.599222 ], [ 3.874103, 51.591115 ], [ 3.887039, 51.576531 ], [ 3.893337, 51.57568 ], [ 3.891012, 51.572115 ], [ 3.897747, 51.561738 ], [ 3.893017, 51.558179 ], [ 3.872397, 51.552723 ], [ 3.865224, 51.545222 ], [ 3.869229, 51.541688 ], [ 3.88495, 51.543104 ], [ 3.897487, 51.541543 ], [ 3.912253, 51.545643 ], [ 3.925222, 51.54422 ], [ 3.940179, 51.526657 ], [ 3.954896, 51.529735 ], [ 3.971697, 51.528248 ], [ 4.001682, 51.520892 ], [ 4.003455, 51.516925 ], [ 4.008854, 51.520345 ], [ 4.013714, 51.518429 ], [ 4.042995, 51.502825 ], [ 4.052313, 51.50245 ], [ 4.053422, 51.495154 ], [ 4.058631, 51.487764 ], [ 4.056133, 51.481187 ], [ 4.05946, 51.475937 ], [ 4.078218, 51.459843 ], [ 4.084788, 51.457845 ], [ 4.093372, 51.446969 ], [ 4.107553, 51.443111 ], [ 4.133218, 51.432693 ], [ 4.140121, 51.43206 ], [ 4.152357, 51.4335 ], [ 4.179193, 51.443111 ], [ 4.182876, 51.443786 ], [ 4.189343, 51.443111 ], [ 4.213553, 51.437912 ], [ 4.215952, 51.438143 ], [ 4.222516, 51.438774 ], [ 4.222701, 51.443111 ], [ 4.220198, 51.456441 ], [ 4.22228, 51.463643 ], [ 4.217558, 51.487452 ], [ 4.215952, 51.489049 ], [ 4.213395, 51.491592 ], [ 4.17438, 51.502654 ], [ 4.170122, 51.508167 ], [ 4.17281, 51.515134 ], [ 4.163769, 51.522326 ], [ 4.150177, 51.523533 ], [ 4.141842, 51.521372 ], [ 4.133781, 51.525246 ], [ 4.12436, 51.523674 ], [ 4.102239, 51.524178 ], [ 4.07361, 51.527752 ], [ 4.068836, 51.533076 ], [ 4.063986, 51.534836 ], [ 4.060147, 51.544019 ], [ 4.052323, 51.547354 ], [ 4.049815, 51.551767 ], [ 4.028627, 51.556047 ], [ 4.029111, 51.561403 ], [ 4.024909, 51.565738 ], [ 4.008854, 51.573157 ], [ 3.988687, 51.576809 ], [ 3.983094, 51.582907 ], [ 3.989483, 51.592071 ], [ 4.008854, 51.595938 ], [ 4.02376, 51.59757 ], [ 4.037212, 51.603586 ], [ 4.046125, 51.604713 ], [ 4.053242, 51.608936 ], [ 4.074626, 51.61298 ], [ 4.100706, 51.610512 ], [ 4.107306, 51.604153 ], [ 4.115619, 51.601368 ], [ 4.153128, 51.605263 ], [ 4.158331, 51.603911 ], [ 4.173124, 51.606483 ], [ 4.17362, 51.608264 ], [ 4.170035, 51.609586 ], [ 4.173707, 51.612912 ], [ 4.172139, 51.615079 ], [ 4.15403, 51.612202 ], [ 4.126234, 51.612902 ], [ 4.116403, 51.624425 ], [ 4.101294, 51.630934 ], [ 4.099083, 51.63766 ], [ 4.100961, 51.6418 ], [ 4.121322, 51.653542 ], [ 4.147328, 51.65033 ], [ 4.193678, 51.635617 ], [ 4.191255, 51.641296 ], [ 4.184343, 51.646318 ], [ 4.165136, 51.650101 ], [ 4.15609, 51.656824 ], [ 4.14876, 51.65585 ], [ 4.143429, 51.657254 ], [ 4.155265, 51.661168 ], [ 4.15671, 51.664448 ], [ 4.15661, 51.670198 ], [ 4.149947, 51.67624 ], [ 4.146575, 51.676774 ], [ 4.103454, 51.669827 ], [ 4.098945, 51.666237 ], [ 4.103696, 51.658703 ], [ 4.09847, 51.650966 ], [ 4.066846, 51.631332 ], [ 4.058202, 51.628966 ], [ 4.044775, 51.629282 ], [ 4.00859, 51.617805 ], [ 3.971411, 51.614494 ], [ 3.947659, 51.624871 ], [ 3.938435, 51.632187 ], [ 3.922238, 51.62894 ], [ 3.892355, 51.633373 ], [ 3.885054, 51.652911 ], [ 3.873538, 51.667959 ], [ 3.858414, 51.676307 ], [ 3.842772, 51.678387 ], [ 3.826606, 51.683095 ], [ 3.821548, 51.691767 ], [ 3.813212, 51.695651 ], [ 3.795142, 51.695163 ], [ 3.786362, 51.686507 ], [ 3.775368, 51.681479 ], [ 3.752351, 51.672807 ], [ 3.729485, 51.668538 ], [ 3.72285, 51.665332 ], [ 3.705837, 51.6691 ], [ 3.691856, 51.676611 ], [ 3.680618, 51.69046 ], [ 3.679097, 51.703715 ], [ 3.686088, 51.715489 ], [ 3.702323, 51.728642 ], [ 3.718696, 51.735972 ], [ 3.737074, 51.73655 ], [ 3.768055, 51.742217 ], [ 3.791357, 51.742763 ], [ 3.816655, 51.740877 ], [ 3.821341, 51.743406 ], [ 3.828974, 51.753779 ], [ 3.839083, 51.758297 ], [ 3.842964, 51.756021 ], [ 3.847431, 51.753402 ], [ 3.875896, 51.747692 ], [ 3.886172, 51.749359 ], [ 3.895061, 51.757412 ], [ 3.905058, 51.764633 ], [ 3.921445, 51.770744 ], [ 3.940331, 51.7738 ], [ 3.958939, 51.772133 ], [ 3.974493, 51.763801 ], [ 3.996776, 51.761055 ], [ 4.008854, 51.759564 ], [ 4.013337, 51.75901 ], [ 4.018886, 51.742717 ], [ 4.026259, 51.738308 ], [ 4.035038, 51.730194 ], [ 4.036427, 51.720474 ], [ 4.036705, 51.711029 ], [ 4.040039, 51.702698 ], [ 4.047815, 51.694362 ], [ 4.060591, 51.692978 ], [ 4.073643, 51.692699 ], [ 4.098084, 51.690475 ], [ 4.107967, 51.687717 ], [ 4.110028, 51.687141 ], [ 4.123081, 51.685753 ], [ 4.151825, 51.685234 ], [ 4.155362, 51.683479 ], [ 4.193764, 51.664398 ], [ 4.202701, 51.660763 ], [ 4.215952, 51.656225 ], [ 4.242536, 51.647121 ], [ 4.237419, 51.63434 ], [ 4.215952, 51.628074 ] ] ], [ [ [ 3.71779, 51.631354 ], [ 3.721142, 51.629994 ], [ 3.717314, 51.627315 ], [ 3.71481, 51.628883 ], [ 3.71779, 51.631354 ] ] ], [ [ [ 3.705523, 51.629453 ], [ 3.7075, 51.625222 ], [ 3.705442, 51.623444 ], [ 3.704031, 51.626139 ], [ 3.698951, 51.628622 ], [ 3.693229, 51.625536 ], [ 3.689787, 51.622714 ], [ 3.686144, 51.61562 ], [ 3.682467, 51.615856 ], [ 3.680923, 51.617337 ], [ 3.68526, 51.619422 ], [ 3.682826, 51.621042 ], [ 3.679284, 51.621015 ], [ 3.678269, 51.622501 ], [ 3.682226, 51.623144 ], [ 3.686485, 51.628638 ], [ 3.695403, 51.634587 ], [ 3.699562, 51.6388 ], [ 3.703158, 51.636956 ], [ 3.708953, 51.640923 ], [ 3.708948, 51.643414 ], [ 3.715592, 51.64211 ], [ 3.712952, 51.637771 ], [ 3.715892, 51.637201 ], [ 3.709353, 51.632497 ], [ 3.709509, 51.631494 ], [ 3.705523, 51.629453 ] ] ] ] } }
]
}
